-8.186536146356652999e-02,-3.594426307137957299e-02,-1.067295000499999952e-01,-8.186536146356652999e-02,3.594426307137960075e-02,-1.067295000499999952e-01,8.211108274898070482e-17,-1.870132503777083392e-16,1.000000000000000000e+00,-1.291302064720288752e-02,-1.422351261976793034e-02,-1.599683219909381425e-18
-7.186536146356653498e-02,-3.594426307137957299e-02,-1.067295000499999952e-01,-7.186536146356653498e-02,3.594426307137960075e-02,-1.067295000499999952e-01,8.211108274898070482e-17,-1.870132503777083392e-16,1.000000000000000000e+00,-1.291302064720288752e-02,-1.422351261976793034e-02,-1.599683219909381425e-18
-6.186536146356653998e-02,-3.594426307137957299e-02,-1.067295000499999952e-01,-6.186536146356653998e-02,3.594426307137960075e-02,-1.067295000499999952e-01,8.211108274898070482e-17,-1.870132503777083392e-16,1.000000000000000000e+00,-1.291302064720288752e-02,-1.422351261976793034e-02,-1.599683219909381425e-18
-5.186536146356654498e-02,-3.594426307137957299e-02,-1.067295000499999952e-01,-5.186536146356654498e-02,3.594426307137960075e-02,-1.067295000499999952e-01,8.211108274898070482e-17,-1.870132503777083392e-16,1.000000000000000000e+00,-1.291302064720288752e-02,-1.422351261976793034e-02,-1.599683219909381425e-18
-4.186536146356654997e-02,-3.594426307137957299e-02,-1.067295000499999952e-01,-4.186536146356654997e-02,3.594426307137960075e-02,-1.067295000499999952e-01,8.211108274898070482e-17,-1.870132503777083392e-16,1.000000000000000000e+00,-1.291302064720288752e-02,-1.422351261976793034e-02,-1.599683219909381425e-18
-3.186536146356655497e-02,-3.594426307137957299e-02,-1.067295000499999952e-01,-3.186536146356655497e-02,3.594426307137960075e-02,-1.067295000499999952e-01,8.211108274898070482e-17,-1.870132503777083392e-16,1.000000000000000000e+00,-1.291302064720288752e-02,-1.422351261976793034e-02,-1.599683219909381425e-18
-2.186536146356655996e-02,-3.594426307137957299e-02,-1.067295000499999952e-01,-2.186536146356655996e-02,3.594426307137960075e-02,-1.067295000499999952e-01,8.211108274898070482e-17,-1.870132503777083392e-16,1.000000000000000000e+00,-1.291302064720288752e-02,-1.422351261976793034e-02,-1.599683219909381425e-18
-1.186536146356656496e-02,-3.594426307137957299e-02,-1.067295000499999952e-01,-1.186536146356656496e-02,3.594426307137960075e-02,-1.067295000499999952e-01,8.211108274898070482e-17,-1.870132503777083392e-16,1.000000000000000000e+00,-1.291302064720288752e-02,-1.422351261976793034e-02,-1.599683219909381425e-18
-1.865361463566569955e-03,-3.594426307137957299e-02,-1.067295000499999952e-01,-1.865361463566569955e-03,3.594426307137960075e-02,-1.067295000499999952e-01,8.211108274898070482e-17,-1.870132503777083392e-16,1.000000000000000000e+00,-1.291302064720288752e-02,-1.422351261976793034e-02,-1.599683219909381425e-18
8.134638536433425049e-03,-3.594426307137957299e-02,-1.067295000499999952e-01,8.134638536433425049e-03,3.594426307137960075e-02,-1.067295000499999952e-01,8.211108274898070482e-17,-1.870132503777083392e-16,1.000000000000000000e+00,-1.291302064720288752e-02,-1.422351261976793034e-02,-1.599683219909381425e-18
1.813463853643342005e-02,-3.594426307137957299e-02,-1.067295000499999952e-01,1.813463853643342005e-02,3.594426307137960075e-02,-1.067295000499999952e-01,8.211108274898070482e-17,-1.870132503777083392e-16,1.000000000000000000e+00,-1.291302064720288752e-02,-1.422351261976793034e-02,-1.599683219909381425e-18
2.813463853643341506e-02,-3.594426307137957299e-02,-1.067295000499999952e-01,2.813463853643341506e-02,3.594426307137960075e-02,-1.067295000499999952e-01,8.211108274898070482e-17,-1.870132503777083392e-16,1.000000000000000000e+00,-1.291302064720288752e-02,-1.422351261976793034e-02,-1.599683219909381425e-18
3.813463853643341006e-02,-3.594426307137957299e-02,-1.067295000499999952e-01,3.813463853643341006e-02,3.594426307137960075e-02,-1.067295000499999952e-01,8.211108274898070482e-17,-1.870132503777083392e-16,1.000000000000000000e+00,-1.291302064720288752e-02,-1.422351261976793034e-02,-1.599683219909381425e-18
4.813463853643340506e-02,-3.594426307137957299e-02,-1.067295000499999952e-01,4.813463853643340506e-02,3.594426307137960075e-02,-1.067295000499999952e-01,8.211108274898070482e-17,-1.870132503777083392e-16,1.000000000000000000e+00,-1.291302064720288752e-02,-1.422351261976793034e-02,-1.599683219909381425e-18
5.813463853643340007e-02,-3.594426307137957299e-02,-1.067295000499999952e-01,5.813463853643340007e-02,3.594426307137960075e-02,-1.067295000499999952e-01,8.211108274898070482e-17,-1.870132503777083392e-16,1.000000000000000000e+00,-1.291302064720288752e-02,-1.422351261976793034e-02,-1.599683219909381425e-18
6.813463853643339507e-02,-3.594426307137957299e-02,-1.067295000499999952e-01,6.813463853643339507e-02,3.594426307137960075e-02,-1.067295000499999952e-01,8.211108274898070482e-17,-1.870132503777083392e-16,1.000000000000000000e+00,-1.291302064720288752e-02,-1.422351261976793034e-02,-1.599683219909381425e-18
7.813463853643339008e-02,-3.594426307137957299e-02,-1.067295000499999952e-01,7.813463853643339008e-02,3.594426307137960075e-02,-1.067295000499999952e-01,8.211108274898070482e-17,-1.870132503777083392e-16,1.000000000000000000e+00,-1.291302064720288752e-02,-1.422351261976793034e-02,-1.599683219909381425e-18
-8.186536146356652999e-02,-3.594426307137957299e-02,-9.672950005000000018e-02,-8.186536146356652999e-02,3.594426307137960075e-02,-9.672950005000000018e-02,8.211108274898070482e-17,-1.870132503777083392e-16,1.000000000000000000e+00,-1.291302064720288752e-02,-1.422351261976793034e-02,-1.599683219909381425e-18
-7.186536146356653498e-02,-3.594426307137957299e-02,-9.672950005000000018e-02,-7.186536146356653498e-02,3.594426307137960075e-02,-9.672950005000000018e-02,8.211108274898070482e-17,-1.870132503777083392e-16,1.000000000000000000e+00,-1.291302064720288752e-02,-1.422351261976793034e-02,-1.599683219909381425e-18
-6.186536146356653998e-02,-3.594426307137957299e-02,-9.672950005000000018e-02,-6.186536146356653998e-02,3.594426307137960075e-02,-9.672950005000000018e-02,8.211108274898070482e-17,-1.870132503777083392e-16,1.000000000000000000e+00,-1.291302064720288752e-02,-1.422351261976793034e-02,-1.599683219909381425e-18
-5.186536146356654498e-02,-3.594426307137957299e-02,-9.672950005000000018e-02,-5.186536146356654498e-02,3.594426307137960075e-02,-9.672950005000000018e-02,8.211108274898070482e-17,-1.870132503777083392e-16,1.000000000000000000e+00,-1.291302064720288752e-02,-1.422351261976793034e-02,-1.599683219909381425e-18
-4.186536146356654997e-02,-3.594426307137957299e-02,-9.672950005000000018e-02,-4.186536146356654997e-02,3.594426307137960075e-02,-9.672950005000000018e-02,8.211108274898070482e-17,-1.870132503777083392e-16,1.000000000000000000e+00,-1.291302064720288752e-02,-1.422351261976793034e-02,-1.599683219909381425e-18
-3.186536146356655497e-02,-3.594426307137957299e-02,-9.672950005000000018e-02,-3.186536146356655497e-02,3.594426307137960075e-02,-9.672950005000000018e-02,8.211108274898070482e-17,-1.870132503777083392e-16,1.000000000000000000e+00,-1.291302064720288752e-02,-1.422351261976793034e-02,-1.599683219909381425e-18
-2.186536146356655996e-02,-3.594426307137957299e-02,-9.672950005000000018e-02,-2.186536146356655996e-02,3.594426307137960075e-02,-9.672950005000000018e-02,8.211108274898070482e-17,-1.870132503777083392e-16,1.000000000000000000e+00,-1.291302064720288752e-02,-1.422351261976793034e-02,-1.599683219909381425e-18
-1.186536146356656496e-02,-3.594426307137957299e-02,-9.672950005000000018e-02,-1.186536146356656496e-02,3.594426307137960075e-02,-9.672950005000000018e-02,8.211108274898070482e-17,-1.870132503777083392e-16,1.000000000000000000e+00,-1.291302064720288752e-02,-1.422351261976793034e-02,-1.599683219909381425e-18
-1.865361463566569955e-03,-3.594426307137957299e-02,-9.672950005000000018e-02,-1.865361463566569955e-03,3.594426307137960075e-02,-9.672950005000000018e-02,8.211108274898070482e-17,-1.870132503777083392e-16,1.000000000000000000e+00,-1.291302064720288752e-02,-1.422351261976793034e-02,-1.599683219909381425e-18
8.134638536433425049e-03,-3.594426307137957299e-02,-9.672950005000000018e-02,8.134638536433425049e-03,3.594426307137960075e-02,-9.672950005000000018e-02,8.211108274898070482e-17,-1.870132503777083392e-16,1.000000000000000000e+00,-1.291302064720288752e-02,-1.422351261976793034e-02,-1.599683219909381425e-18
1.813463853643342005e-02,-3.594426307137957299e-02,-9.672950005000000018e-02,1.813463853643342005e-02,3.594426307137960075e-02,-9.672950005000000018e-02,8.211108274898070482e-17,-1.870132503777083392e-16,1.000000000000000000e+00,-1.291302064720288752e-02,-1.422351261976793034e-02,-1.599683219909381425e-18
2.813463853643341506e-02,-3.594426307137957299e-02,-9.672950005000000018e-02,2.813463853643341506e-02,3.594426307137960075e-02,-9.672950005000000018e-02,8.211108274898070482e-17,-1.870132503777083392e-16,1.000000000000000000e+00,-1.291302064720288752e-02,-1.422351261976793034e-02,-1.599683219909381425e-18
3.813463853643341006e-02,-3.594426307137957299e-02,-9.672950005000000018e-02,3.813463853643341006e-02,3.594426307137960075e-02,-9.672950005000000018e-02,8.211108274898070482e-17,-1.870132503777083392e-16,1.000000000000000000e+00,-1.291302064720288752e-02,-1.422351261976793034e-02,-1.599683219909381425e-18
4.813463853643340506e-02,-3.594426307137957299e-02,-9.672950005000000018e-02,4.813463853643340506e-02,3.594426307137960075e-02,-9.672950005000000018e-02,8.211108274898070482e-17,-1.870132503777083392e-16,1.000000000000000000e+00,-1.291302064720288752e-02,-1.422351261976793034e-02,-1.599683219909381425e-18
5.813463853643340007e-02,-3.594426307137957299e-02,-9.672950005000000018e-02,5.813463853643340007e-02,3.594426307137960075e-02,-9.672950005000000018e-02,8.211108274898070482e-17,-1.870132503777083392e-16,1.000000000000000000e+00,-1.291302064720288752e-02,-1.422351261976793034e-02,-1.599683219909381425e-18
6.813463853643339507e-02,-3.594426307137957299e-02,-9.672950005000000018e-02,6.813463853643339507e-02,3.594426307137960075e-02,-9.672950005000000018e-02,8.211108274898070482e-17,-1.870132503777083392e-16,1.000000000000000000e+00,-1.291302064720288752e-02,-1.422351261976793034e-02,-1.599683219909381425e-18
7.813463853643339008e-02,-3.594426307137957299e-02,-9.672950005000000018e-02,7.813463853643339008e-02,3.594426307137960075e-02,-9.672950005000000018e-02,8.211108274898070482e-17,-1.870132503777083392e-16,1.000000000000000000e+00,-1.291302064720288752e-02,-1.422351261976793034e-02,-1.599683219909381425e-18
-8.186536146356652999e-02,-3.594426307137957299e-02,-8.672950005000000517e-02,-8.186536146356652999e-02,3.594426307137960075e-02,-8.672950005000000517e-02,8.211108274898070482e-17,-1.870132503777083392e-16,1.000000000000000000e+00,-1.291302064720288752e-02,-1.422351261976793034e-02,-1.599683219909381425e-18
-7.186536146356653498e-02,-3.594426307137957299e-02,-8.672950005000000517e-02,-7.186536146356653498e-02,3.594426307137960075e-02,-8.672950005000000517e-02,8.211108274898070482e-17,-1.870132503777083392e-16,1.000000000000000000e+00,-1.291302064720288752e-02,-1.422351261976793034e-02,-1.599683219909381425e-18
-6.186536146356653998e-02,-3.594426307137957299e-02,-8.672950005000000517e-02,-6.186536146356653998e-02,3.594426307137960075e-02,-8.672950005000000517e-02,8.211108274898070482e-17,-1.870132503777083392e-16,1.000000000000000000e+00,-1.291302064720288752e-02,-1.422351261976793034e-02,-1.599683219909381425e-18
-5.186536146356654498e-02,-3.594426307137957299e-02,-8.672950005000000517e-02,-5.186536146356654498e-02,3.594426307137960075e-02,-8.672950005000000517e-02,8.211108274898070482e-17,-1.870132503777083392e-16,1.000000000000000000e+00,-1.291302064720288752e-02,-1.422351261976793034e-02,-1.599683219909381425e-18
-4.186536146356654997e-02,-3.594426307137957299e-02,-8.672950005000000517e-02,-4.186536146356654997e-02,3.594426307137960075e-02,-8.672950005000000517e-02,8.211108274898070482e-17,-1.870132503777083392e-16,1.000000000000000000e+00,-1.291302064720288752e-02,-1.422351261976793034e-02,-1.599683219909381425e-18
-3.186536146356655497e-02,-3.594426307137957299e-02,-8.672950005000000517e-02,-3.186536146356655497e-02,3.594426307137960075e-02,-8.672950005000000517e-02,8.211108274898070482e-17,-1.870132503777083392e-16,1.000000000000000000e+00,-1.291302064720288752e-02,-1.422351261976793034e-02,-1.599683219909381425e-18
-2.186536146356655996e-02,-3.594426307137957299e-02,-8.672950005000000517e-02,-2.186536146356655996e-02,3.594426307137960075e-02,-8.672950005000000517e-02,8.211108274898070482e-17,-1.870132503777083392e-16,1.000000000000000000e+00,-1.291302064720288752e-02,-1.422351261976793034e-02,-1.599683219909381425e-18
-1.186536146356656496e-02,-3.594426307137957299e-02,-8.672950005000000517e-02,-1.186536146356656496e-02,3.594426307137960075e-02,-8.672950005000000517e-02,8.211108274898070482e-17,-1.870132503777083392e-16,1.000000000000000000e+00,-1.291302064720288752e-02,-1.422351261976793034e-02,-1.599683219909381425e-18
-1.865361463566569955e-03,-3.594426307137957299e-02,-8.672950005000000517e-02,-1.865361463566569955e-03,3.594426307137960075e-02,-8.672950005000000517e-02,8.211108274898070482e-17,-1.870132503777083392e-16,1.000000000000000000e+00,-1.291302064720288752e-02,-1.422351261976793034e-02,-1.599683219909381425e-18
8.134638536433425049e-03,-3.594426307137957299e-02,-8.672950005000000517e-02,8.134638536433425049e-03,3.594426307137960075e-02,-8.672950005000000517e-02,8.211108274898070482e-17,-1.870132503777083392e-16,1.000000000000000000e+00,-1.291302064720288752e-02,-1.422351261976793034e-02,-1.599683219909381425e-18
1.813463853643342005e-02,-3.594426307137957299e-02,-8.672950005000000517e-02,1.813463853643342005e-02,3.594426307137960075e-02,-8.672950005000000517e-02,8.211108274898070482e-17,-1.870132503777083392e-16,1.000000000000000000e+00,-1.291302064720288752e-02,-1.422351261976793034e-02,-1.599683219909381425e-18
2.813463853643341506e-02,-3.594426307137957299e-02,-8.672950005000000517e-02,2.813463853643341506e-02,3.594426307137960075e-02,-8.672950005000000517e-02,8.211108274898070482e-17,-1.870132503777083392e-16,1.000000000000000000e+00,-1.291302064720288752e-02,-1.422351261976793034e-02,-1.599683219909381425e-18
3.813463853643341006e-02,-3.594426307137957299e-02,-8.672950005000000517e-02,3.813463853643341006e-02,3.594426307137960075e-02,-8.672950005000000517e-02,8.211108274898070482e-17,-1.870132503777083392e-16,1.000000000000000000e+00,-1.291302064720288752e-02,-1.422351261976793034e-02,-1.599683219909381425e-18
4.813463853643340506e-02,-3.594426307137957299e-02,-8.672950005000000517e-02,4.813463853643340506e-02,3.594426307137960075e-02,-8.672950005000000517e-02,8.211108274898070482e-17,-1.870132503777083392e-16,1.000000000000000000e+00,-1.291302064720288752e-02,-1.422351261976793034e-02,-1.599683219909381425e-18
5.813463853643340007e-02,-3.594426307137957299e-02,-8.672950005000000517e-02,5.813463853643340007e-02,3.594426307137960075e-02,-8.672950005000000517e-02,8.211108274898070482e-17,-1.870132503777083392e-16,1.000000000000000000e+00,-1.291302064720288752e-02,-1.422351261976793034e-02,-1.599683219909381425e-18
6.813463853643339507e-02,-3.594426307137957299e-02,-8.672950005000000517e-02,6.813463853643339507e-02,3.594426307137960075e-02,-8.672950005000000517e-02,8.211108274898070482e-17,-1.870132503777083392e-16,1.000000000000000000e+00,-1.291302064720288752e-02,-1.422351261976793034e-02,-1.599683219909381425e-18
7.813463853643339008e-02,-3.594426307137957299e-02,-8.672950005000000517e-02,7.813463853643339008e-02,3.594426307137960075e-02,-8.672950005000000517e-02,8.211108274898070482e-17,-1.870132503777083392e-16,1.000000000000000000e+00,-1.291302064720288752e-02,-1.422351261976793034e-02,-1.599683219909381425e-18
-8.186536146356652999e-02,-3.594426307137957299e-02,-7.672950005000001017e-02,-8.186536146356652999e-02,3.594426307137960075e-02,-7.672950005000001017e-02,8.211108274898070482e-17,-1.870132503777083392e-16,1.000000000000000000e+00,-1.291302064720288752e-02,-1.422351261976793034e-02,-1.599683219909381425e-18
-7.186536146356653498e-02,-3.594426307137957299e-02,-7.672950005000001017e-02,-7.186536146356653498e-02,3.594426307137960075e-02,-7.672950005000001017e-02,8.211108274898070482e-17,-1.870132503777083392e-16,1.000000000000000000e+00,-1.291302064720288752e-02,-1.422351261976793034e-02,-1.599683219909381425e-18
-6.186536146356653998e-02,-3.594426307137957299e-02,-7.672950005000001017e-02,-6.186536146356653998e-02,3.594426307137960075e-02,-7.672950005000001017e-02,8.211108274898070482e-17,-1.870132503777083392e-16,1.000000000000000000e+00,-1.291302064720288752e-02,-1.422351261976793034e-02,-1.599683219909381425e-18
-5.186536146356654498e-02,-3.594426307137957299e-02,-7.672950005000001017e-02,-5.186536146356654498e-02,3.594426307137960075e-02,-7.672950005000001017e-02,8.211108274898070482e-17,-1.870132503777083392e-16,1.000000000000000000e+00,-1.291302064720288752e-02,-1.422351261976793034e-02,-1.599683219909381425e-18
-4.186536146356654997e-02,-3.594426307137957299e-02,-7.672950005000001017e-02,-4.186536146356654997e-02,3.594426307137960075e-02,-7.672950005000001017e-02,8.211108274898070482e-17,-1.870132503777083392e-16,1.000000000000000000e+00,-1.291302064720288752e-02,-1.422351261976793034e-02,-1.599683219909381425e-18
-3.186536146356655497e-02,-3.594426307137957299e-02,-7.672950005000001017e-02,-3.186536146356655497e-02,3.594426307137960075e-02,-7.672950005000001017e-02,8.211108274898070482e-17,-1.870132503777083392e-16,1.000000000000000000e+00,-1.291302064720288752e-02,-1.422351261976793034e-02,-1.599683219909381425e-18
-2.186536146356655996e-02,-3.594426307137957299e-02,-7.672950005000001017e-02,-2.186536146356655996e-02,3.594426307137960075e-02,-7.672950005000001017e-02,8.211108274898070482e-17,-1.870132503777083392e-16,1.000000000000000000e+00,-1.291302064720288752e-02,-1.422351261976793034e-02,-1.599683219909381425e-18
-1.186536146356656496e-02,-3.594426307137957299e-02,-7.672950005000001017e-02,-1.186536146356656496e-02,3.594426307137960075e-02,-7.672950005000001017e-02,8.211108274898070482e-17,-1.870132503777083392e-16,1.000000000000000000e+00,-1.291302064720288752e-02,-1.422351261976793034e-02,-1.599683219909381425e-18
-1.865361463566569955e-03,-3.594426307137957299e-02,-7.672950005000001017e-02,-1.865361463566569955e-03,3.594426307137960075e-02,-7.672950005000001017e-02,8.211108274898070482e-17,-1.870132503777083392e-16,1.000000000000000000e+00,-1.291302064720288752e-02,-1.422351261976793034e-02,-1.599683219909381425e-18
8.134638536433425049e-03,-3.594426307137957299e-02,-7.672950005000001017e-02,8.134638536433425049e-03,3.594426307137960075e-02,-7.672950005000001017e-02,8.211108274898070482e-17,-1.870132503777083392e-16,1.000000000000000000e+00,-1.291302064720288752e-02,-1.422351261976793034e-02,-1.599683219909381425e-18
1.813463853643342005e-02,-3.594426307137957299e-02,-7.672950005000001017e-02,1.813463853643342005e-02,3.594426307137960075e-02,-7.672950005000001017e-02,8.211108274898070482e-17,-1.870132503777083392e-16,1.000000000000000000e+00,-1.291302064720288752e-02,-1.422351261976793034e-02,-1.599683219909381425e-18
2.813463853643341506e-02,-3.594426307137957299e-02,-7.672950005000001017e-02,2.813463853643341506e-02,3.594426307137960075e-02,-7.672950005000001017e-02,8.211108274898070482e-17,-1.870132503777083392e-16,1.000000000000000000e+00,-1.291302064720288752e-02,-1.422351261976793034e-02,-1.599683219909381425e-18
3.813463853643341006e-02,-3.594426307137957299e-02,-7.672950005000001017e-02,3.813463853643341006e-02,3.594426307137960075e-02,-7.672950005000001017e-02,8.211108274898070482e-17,-1.870132503777083392e-16,1.000000000000000000e+00,-1.291302064720288752e-02,-1.422351261976793034e-02,-1.599683219909381425e-18
4.813463853643340506e-02,-3.594426307137957299e-02,-7.672950005000001017e-02,4.813463853643340506e-02,3.594426307137960075e-02,-7.672950005000001017e-02,8.211108274898070482e-17,-1.870132503777083392e-16,1.000000000000000000e+00,-1.291302064720288752e-02,-1.422351261976793034e-02,-1.599683219909381425e-18
5.813463853643340007e-02,-3.594426307137957299e-02,-7.672950005000001017e-02,5.813463853643340007e-02,3.594426307137960075e-02,-7.672950005000001017e-02,8.211108274898070482e-17,-1.870132503777083392e-16,1.000000000000000000e+00,-1.291302064720288752e-02,-1.422351261976793034e-02,-1.599683219909381425e-18
6.813463853643339507e-02,-3.594426307137957299e-02,-7.672950005000001017e-02,6.813463853643339507e-02,3.594426307137960075e-02,-7.672950005000001017e-02,8.211108274898070482e-17,-1.870132503777083392e-16,1.000000000000000000e+00,-1.291302064720288752e-02,-1.422351261976793034e-02,-1.599683219909381425e-18
7.813463853643339008e-02,-3.594426307137957299e-02,-7.672950005000001017e-02,7.813463853643339008e-02,3.594426307137960075e-02,-7.672950005000001017e-02,8.211108274898070482e-17,-1.870132503777083392e-16,1.000000000000000000e+00,-1.291302064720288752e-02,-1.422351261976793034e-02,-1.599683219909381425e-18
-8.186536146356652999e-02,-3.594426307137957299e-02,-6.672950005000001517e-02,-8.186536146356652999e-02,3.594426307137960075e-02,-6.672950005000001517e-02,8.211108274898070482e-17,-1.870132503777083392e-16,1.000000000000000000e+00,-1.291302064720288752e-02,-1.422351261976793034e-02,-1.599683219909381425e-18
-7.186536146356653498e-02,-3.594426307137957299e-02,-6.672950005000001517e-02,-7.186536146356653498e-02,3.594426307137960075e-02,-6.672950005000001517e-02,8.211108274898070482e-17,-1.870132503777083392e-16,1.000000000000000000e+00,-1.291302064720288752e-02,-1.422351261976793034e-02,-1.599683219909381425e-18
-6.186536146356653998e-02,-3.594426307137957299e-02,-6.672950005000001517e-02,-6.186536146356653998e-02,3.594426307137960075e-02,-6.672950005000001517e-02,8.211108274898070482e-17,-1.870132503777083392e-16,1.000000000000000000e+00,-1.291302064720288752e-02,-1.422351261976793034e-02,-1.599683219909381425e-18
-5.186536146356654498e-02,-3.594426307137957299e-02,-6.672950005000001517e-02,-5.186536146356654498e-02,3.594426307137960075e-02,-6.672950005000001517e-02,8.211108274898070482e-17,-1.870132503777083392e-16,1.000000000000000000e+00,-1.291302064720288752e-02,-1.422351261976793034e-02,-1.599683219909381425e-18
-4.186536146356654997e-02,-3.594426307137957299e-02,-6.672950005000001517e-02,-4.186536146356654997e-02,3.594426307137960075e-02,-6.672950005000001517e-02,8.211108274898070482e-17,-1.870132503777083392e-16,1.000000000000000000e+00,-1.291302064720288752e-02,-1.422351261976793034e-02,-1.599683219909381425e-18
-3.186536146356655497e-02,-3.594426307137957299e-02,-6.672950005000001517e-02,-3.186536146356655497e-02,3.594426307137960075e-02,-6.672950005000001517e-02,8.211108274898070482e-17,-1.870132503777083392e-16,1.000000000000000000e+00,-1.291302064720288752e-02,-1.422351261976793034e-02,-1.599683219909381425e-18
-2.186536146356655996e-02,-3.594426307137957299e-02,-6.672950005000001517e-02,-2.186536146356655996e-02,3.594426307137960075e-02,-6.672950005000001517e-02,8.211108274898070482e-17,-1.870132503777083392e-16,1.000000000000000000e+00,-1.291302064720288752e-02,-1.422351261976793034e-02,-1.599683219909381425e-18
-1.186536146356656496e-02,-3.594426307137957299e-02,-6.672950005000001517e-02,-1.186536146356656496e-02,3.594426307137960075e-02,-6.672950005000001517e-02,8.211108274898070482e-17,-1.870132503777083392e-16,1.000000000000000000e+00,-1.291302064720288752e-02,-1.422351261976793034e-02,-1.599683219909381425e-18
-1.865361463566569955e-03,-3.594426307137957299e-02,-6.672950005000001517e-02,-1.865361463566569955e-03,3.594426307137960075e-02,-6.672950005000001517e-02,8.211108274898070482e-17,-1.870132503777083392e-16,1.000000000000000000e+00,-1.291302064720288752e-02,-1.422351261976793034e-02,-1.599683219909381425e-18
8.134638536433425049e-03,-3.594426307137957299e-02,-6.672950005000001517e-02,8.134638536433425049e-03,3.594426307137960075e-02,-6.672950005000001517e-02,8.211108274898070482e-17,-1.870132503777083392e-16,1.000000000000000000e+00,-1.291302064720288752e-02,-1.422351261976793034e-02,-1.599683219909381425e-18
1.813463853643342005e-02,-3.594426307137957299e-02,-6.672950005000001517e-02,1.813463853643342005e-02,3.594426307137960075e-02,-6.672950005000001517e-02,8.211108274898070482e-17,-1.870132503777083392e-16,1.000000000000000000e+00,-1.291302064720288752e-02,-1.422351261976793034e-02,-1.599683219909381425e-18
2.813463853643341506e-02,-3.594426307137957299e-02,-6.672950005000001517e-02,2.813463853643341506e-02,3.594426307137960075e-02,-6.672950005000001517e-02,8.211108274898070482e-17,-1.870132503777083392e-16,1.000000000000000000e+00,-1.291302064720288752e-02,-1.422351261976793034e-02,-1.599683219909381425e-18
3.813463853643341006e-02,-3.594426307137957299e-02,-6.672950005000001517e-02,3.813463853643341006e-02,3.594426307137960075e-02,-6.672950005000001517e-02,8.211108274898070482e-17,-1.870132503777083392e-16,1.000000000000000000e+00,-1.291302064720288752e-02,-1.422351261976793034e-02,-1.599683219909381425e-18
4.813463853643340506e-02,-3.594426307137957299e-02,-6.672950005000001517e-02,4.813463853643340506e-02,3.594426307137960075e-02,-6.672950005000001517e-02,8.211108274898070482e-17,-1.870132503777083392e-16,1.000000000000000000e+00,-1.291302064720288752e-02,-1.422351261976793034e-02,-1.599683219909381425e-18
5.813463853643340007e-02,-3.594426307137957299e-02,-6.672950005000001517e-02,5.813463853643340007e-02,3.594426307137960075e-02,-6.672950005000001517e-02,8.211108274898070482e-17,-1.870132503777083392e-16,1.000000000000000000e+00,-1.291302064720288752e-02,-1.422351261976793034e-02,-1.599683219909381425e-18
6.813463853643339507e-02,-3.594426307137957299e-02,-6.672950005000001517e-02,6.813463853643339507e-02,3.594426307137960075e-02,-6.672950005000001517e-02,8.211108274898070482e-17,-1.870132503777083392e-16,1.000000000000000000e+00,-1.291302064720288752e-02,-1.422351261976793034e-02,-1.599683219909381425e-18
7.813463853643339008e-02,-3.594426307137957299e-02,-6.672950005000001517e-02,7.813463853643339008e-02,3.594426307137960075e-02,-6.672950005000001517e-02,8.211108274898070482e-17,-1.870132503777083392e-16,1.000000000000000000e+00,-1.291302064720288752e-02,-1.422351261976793034e-02,-1.599683219909381425e-18
-8.186536146356652999e-02,-3.594426307137957299e-02,-5.672950005000002016e-02,-8.186536146356652999e-02,3.594426307137960075e-02,-5.672950005000002016e-02,8.211108274898070482e-17,-1.870132503777083392e-16,1.000000000000000000e+00,-1.291302064720288752e-02,-1.422351261976793034e-02,-1.599683219909381425e-18
-7.186536146356653498e-02,-3.594426307137957299e-02,-5.672950005000002016e-02,-7.186536146356653498e-02,3.594426307137960075e-02,-5.672950005000002016e-02,8.211108274898070482e-17,-1.870132503777083392e-16,1.000000000000000000e+00,-1.291302064720288752e-02,-1.422351261976793034e-02,-1.599683219909381425e-18
-6.186536146356653998e-02,-3.594426307137957299e-02,-5.672950005000002016e-02,-6.186536146356653998e-02,3.594426307137960075e-02,-5.672950005000002016e-02,8.211108274898070482e-17,-1.870132503777083392e-16,1.000000000000000000e+00,-1.291302064720288752e-02,-1.422351261976793034e-02,-1.599683219909381425e-18
-5.186536146356654498e-02,-3.594426307137957299e-02,-5.672950005000002016e-02,-5.186536146356654498e-02,3.594426307137960075e-02,-5.672950005000002016e-02,8.211108274898070482e-17,-1.870132503777083392e-16,1.000000000000000000e+00,-1.291302064720288752e-02,-1.422351261976793034e-02,-1.599683219909381425e-18
-4.186536146356654997e-02,-3.594426307137957299e-02,-5.672950005000002016e-02,-4.186536146356654997e-02,3.594426307137960075e-02,-5.672950005000002016e-02,8.211108274898070482e-17,-1.870132503777083392e-16,1.000000000000000000e+00,-1.291302064720288752e-02,-1.422351261976793034e-02,-1.599683219909381425e-18
-3.186536146356655497e-02,-3.594426307137957299e-02,-5.672950005000002016e-02,-3.186536146356655497e-02,3.594426307137960075e-02,-5.672950005000002016e-02,8.211108274898070482e-17,-1.870132503777083392e-16,1.000000000000000000e+00,-1.291302064720288752e-02,-1.422351261976793034e-02,-1.599683219909381425e-18
-2.186536146356655996e-02,-3.594426307137957299e-02,-5.672950005000002016e-02,-2.186536146356655996e-02,3.594426307137960075e-02,-5.672950005000002016e-02,8.211108274898070482e-17,-1.870132503777083392e-16,1.000000000000000000e+00,-1.291302064720288752e-02,-1.422351261976793034e-02,-1.599683219909381425e-18
-1.186536146356656496e-02,-3.594426307137957299e-02,-5.672950005000002016e-02,-1.186536146356656496e-02,3.594426307137960075e-02,-5.672950005000002016e-02,8.211108274898070482e-17,-1.870132503777083392e-16,1.000000000000000000e+00,-1.291302064720288752e-02,-1.422351261976793034e-02,-1.599683219909381425e-18
-1.865361463566569955e-03,-3.594426307137957299e-02,-5.672950005000002016e-02,-1.865361463566569955e-03,3.594426307137960075e-02,-5.672950005000002016e-02,8.211108274898070482e-17,-1.870132503777083392e-16,1.000000000000000000e+00,-1.291302064720288752e-02,-1.422351261976793034e-02,-1.599683219909381425e-18
8.134638536433425049e-03,-3.594426307137957299e-02,-5.672950005000002016e-02,8.134638536433425049e-03,3.594426307137960075e-02,-5.672950005000002016e-02,8.211108274898070482e-17,-1.870132503777083392e-16,1.000000000000000000e+00,-1.291302064720288752e-02,-1.422351261976793034e-02,-1.599683219909381425e-18
1.813463853643342005e-02,-3.594426307137957299e-02,-5.672950005000002016e-02,1.813463853643342005e-02,3.594426307137960075e-02,-5.672950005000002016e-02,8.211108274898070482e-17,-1.870132503777083392e-16,1.000000000000000000e+00,-1.291302064720288752e-02,-1.422351261976793034e-02,-1.599683219909381425e-18
2.813463853643341506e-02,-3.594426307137957299e-02,-5.672950005000002016e-02,2.813463853643341506e-02,3.594426307137960075e-02,-5.672950005000002016e-02,8.211108274898070482e-17,-1.870132503777083392e-16,1.000000000000000000e+00,-1.291302064720288752e-02,-1.422351261976793034e-02,-1.599683219909381425e-18
3.813463853643341006e-02,-3.594426307137957299e-02,-5.672950005000002016e-02,3.813463853643341006e-02,3.594426307137960075e-02,-5.672950005000002016e-02,8.211108274898070482e-17,-1.870132503777083392e-16,1.000000000000000000e+00,-1.291302064720288752e-02,-1.422351261976793034e-02,-1.599683219909381425e-18
4.813463853643340506e-02,-3.594426307137957299e-02,-5.672950005000002016e-02,4.813463853643340506e-02,3.594426307137960075e-02,-5.672950005000002016e-02,8.211108274898070482e-17,-1.870132503777083392e-16,1.000000000000000000e+00,-1.291302064720288752e-02,-1.422351261976793034e-02,-1.599683219909381425e-18
5.813463853643340007e-02,-3.594426307137957299e-02,-5.672950005000002016e-02,5.813463853643340007e-02,3.594426307137960075e-02,-5.672950005000002016e-02,8.211108274898070482e-17,-1.870132503777083392e-16,1.000000000000000000e+00,-1.291302064720288752e-02,-1.422351261976793034e-02,-1.599683219909381425e-18
6.813463853643339507e-02,-3.594426307137957299e-02,-5.672950005000002016e-02,6.813463853643339507e-02,3.594426307137960075e-02,-5.672950005000002016e-02,8.211108274898070482e-17,-1.870132503777083392e-16,1.000000000000000000e+00,-1.291302064720288752e-02,-1.422351261976793034e-02,-1.599683219909381425e-18
7.813463853643339008e-02,-3.594426307137957299e-02,-5.672950005000002016e-02,7.813463853643339008e-02,3.594426307137960075e-02,-5.672950005000002016e-02,8.211108274898070482e-17,-1.870132503777083392e-16,1.000000000000000000e+00,-1.291302064720288752e-02,-1.422351261976793034e-02,-1.599683219909381425e-18
-8.186536146356652999e-02,-3.594426307137957299e-02,-4.672950005000002516e-02,-8.186536146356652999e-02,3.594426307137960075e-02,-4.672950005000002516e-02,8.211108274898070482e-17,-1.870132503777083392e-16,1.000000000000000000e+00,-1.291302064720288752e-02,-1.422351261976793034e-02,-1.599683219909381425e-18
-7.186536146356653498e-02,-3.594426307137957299e-02,-4.672950005000002516e-02,-7.186536146356653498e-02,3.594426307137960075e-02,-4.672950005000002516e-02,8.211108274898070482e-17,-1.870132503777083392e-16,1.000000000000000000e+00,-1.291302064720288752e-02,-1.422351261976793034e-02,-1.599683219909381425e-18
-6.186536146356653998e-02,-3.594426307137957299e-02,-4.672950005000002516e-02,-6.186536146356653998e-02,3.594426307137960075e-02,-4.672950005000002516e-02,8.211108274898070482e-17,-1.870132503777083392e-16,1.000000000000000000e+00,-1.291302064720288752e-02,-1.422351261976793034e-02,-1.599683219909381425e-18
-5.186536146356654498e-02,-3.594426307137957299e-02,-4.672950005000002516e-02,-5.186536146356654498e-02,3.594426307137960075e-02,-4.672950005000002516e-02,8.211108274898070482e-17,-1.870132503777083392e-16,1.000000000000000000e+00,-1.291302064720288752e-02,-1.422351261976793034e-02,-1.599683219909381425e-18
-4.186536146356654997e-02,-3.594426307137957299e-02,-4.672950005000002516e-02,-4.186536146356654997e-02,3.594426307137960075e-02,-4.672950005000002516e-02,8.211108274898070482e-17,-1.870132503777083392e-16,1.000000000000000000e+00,-1.291302064720288752e-02,-1.422351261976793034e-02,-1.599683219909381425e-18
-3.186536146356655497e-02,-3.594426307137957299e-02,-4.672950005000002516e-02,-3.186536146356655497e-02,3.594426307137960075e-02,-4.672950005000002516e-02,8.211108274898070482e-17,-1.870132503777083392e-16,1.000000000000000000e+00,-1.291302064720288752e-02,-1.422351261976793034e-02,-1.599683219909381425e-18
-2.186536146356655996e-02,-3.594426307137957299e-02,-4.672950005000002516e-02,-2.186536146356655996e-02,3.594426307137960075e-02,-4.672950005000002516e-02,8.211108274898070482e-17,-1.870132503777083392e-16,1.000000000000000000e+00,-1.291302064720288752e-02,-1.422351261976793034e-02,-1.599683219909381425e-18
-1.186536146356656496e-02,-3.594426307137957299e-02,-4.672950005000002516e-02,-1.186536146356656496e-02,3.594426307137960075e-02,-4.672950005000002516e-02,8.211108274898070482e-17,-1.870132503777083392e-16,1.000000000000000000e+00,-1.291302064720288752e-02,-1.422351261976793034e-02,-1.599683219909381425e-18
-1.865361463566569955e-03,-3.594426307137957299e-02,-4.672950005000002516e-02,-1.865361463566569955e-03,3.594426307137960075e-02,-4.672950005000002516e-02,8.211108274898070482e-17,-1.870132503777083392e-16,1.000000000000000000e+00,-1.291302064720288752e-02,-1.422351261976793034e-02,-1.599683219909381425e-18
8.134638536433425049e-03,-3.594426307137957299e-02,-4.672950005000002516e-02,8.134638536433425049e-03,3.594426307137960075e-02,-4.672950005000002516e-02,8.211108274898070482e-17,-1.870132503777083392e-16,1.000000000000000000e+00,-1.291302064720288752e-02,-1.422351261976793034e-02,-1.599683219909381425e-18
1.813463853643342005e-02,-3.594426307137957299e-02,-4.672950005000002516e-02,1.813463853643342005e-02,3.594426307137960075e-02,-4.672950005000002516e-02,8.211108274898070482e-17,-1.870132503777083392e-16,1.000000000000000000e+00,-1.291302064720288752e-02,-1.422351261976793034e-02,-1.599683219909381425e-18
2.813463853643341506e-02,-3.594426307137957299e-02,-4.672950005000002516e-02,2.813463853643341506e-02,3.594426307137960075e-02,-4.672950005000002516e-02,8.211108274898070482e-17,-1.870132503777083392e-16,1.000000000000000000e+00,-1.291302064720288752e-02,-1.422351261976793034e-02,-1.599683219909381425e-18
3.813463853643341006e-02,-3.594426307137957299e-02,-4.672950005000002516e-02,3.813463853643341006e-02,3.594426307137960075e-02,-4.672950005000002516e-02,8.211108274898070482e-17,-1.870132503777083392e-16,1.000000000000000000e+00,-1.291302064720288752e-02,-1.422351261976793034e-02,-1.599683219909381425e-18
4.813463853643340506e-02,-3.594426307137957299e-02,-4.672950005000002516e-02,4.813463853643340506e-02,3.594426307137960075e-02,-4.672950005000002516e-02,8.211108274898070482e-17,-1.870132503777083392e-16,1.000000000000000000e+00,-1.291302064720288752e-02,-1.422351261976793034e-02,-1.599683219909381425e-18
5.813463853643340007e-02,-3.594426307137957299e-02,-4.672950005000002516e-02,5.813463853643340007e-02,3.594426307137960075e-02,-4.672950005000002516e-02,8.211108274898070482e-17,-1.870132503777083392e-16,1.000000000000000000e+00,-1.291302064720288752e-02,-1.422351261976793034e-02,-1.599683219909381425e-18
6.813463853643339507e-02,-3.594426307137957299e-02,-4.672950005000002516e-02,6.813463853643339507e-02,3.594426307137960075e-02,-4.672950005000002516e-02,8.211108274898070482e-17,-1.870132503777083392e-16,1.000000000000000000e+00,-1.291302064720288752e-02,-1.422351261976793034e-02,-1.599683219909381425e-18
7.813463853643339008e-02,-3.594426307137957299e-02,-4.672950005000002516e-02,7.813463853643339008e-02,3.594426307137960075e-02,-4.672950005000002516e-02,8.211108274898070482e-17,-1.870132503777083392e-16,1.000000000000000000e+00,-1.291302064720288752e-02,-1.422351261976793034e-02,-1.599683219909381425e-18
-8.186536146356652999e-02,-3.594426307137957299e-02,-3.672950005000003015e-02,-8.186536146356652999e-02,3.594426307137960075e-02,-3.672950005000003015e-02,8.211108274898070482e-17,-1.870132503777083392e-16,1.000000000000000000e+00,-1.291302064720288752e-02,-1.422351261976793034e-02,-1.599683219909381425e-18
-7.186536146356653498e-02,-3.594426307137957299e-02,-3.672950005000003015e-02,-7.186536146356653498e-02,3.594426307137960075e-02,-3.672950005000003015e-02,8.211108274898070482e-17,-1.870132503777083392e-16,1.000000000000000000e+00,-1.291302064720288752e-02,-1.422351261976793034e-02,-1.599683219909381425e-18
-6.186536146356653998e-02,-3.594426307137957299e-02,-3.672950005000003015e-02,-6.186536146356653998e-02,3.594426307137960075e-02,-3.672950005000003015e-02,8.211108274898070482e-17,-1.870132503777083392e-16,1.000000000000000000e+00,-1.291302064720288752e-02,-1.422351261976793034e-02,-1.599683219909381425e-18
-5.186536146356654498e-02,-3.594426307137957299e-02,-3.672950005000003015e-02,-5.186536146356654498e-02,3.594426307137960075e-02,-3.672950005000003015e-02,8.211108274898070482e-17,-1.870132503777083392e-16,1.000000000000000000e+00,-1.291302064720288752e-02,-1.422351261976793034e-02,-1.599683219909381425e-18
-4.186536146356654997e-02,-3.594426307137957299e-02,-3.672950005000003015e-02,-4.186536146356654997e-02,3.594426307137960075e-02,-3.672950005000003015e-02,8.211108274898070482e-17,-1.870132503777083392e-16,1.000000000000000000e+00,-1.291302064720288752e-02,-1.422351261976793034e-02,-1.599683219909381425e-18
-3.186536146356655497e-02,-3.594426307137957299e-02,-3.672950005000003015e-02,-3.186536146356655497e-02,3.594426307137960075e-02,-3.672950005000003015e-02,8.211108274898070482e-17,-1.870132503777083392e-16,1.000000000000000000e+00,-1.291302064720288752e-02,-1.422351261976793034e-02,-1.599683219909381425e-18
-2.186536146356655996e-02,-3.594426307137957299e-02,-3.672950005000003015e-02,-2.186536146356655996e-02,3.594426307137960075e-02,-3.672950005000003015e-02,8.211108274898070482e-17,-1.870132503777083392e-16,1.000000000000000000e+00,-1.291302064720288752e-02,-1.422351261976793034e-02,-1.599683219909381425e-18
-1.186536146356656496e-02,-3.594426307137957299e-02,-3.672950005000003015e-02,-1.186536146356656496e-02,3.594426307137960075e-02,-3.672950005000003015e-02,8.211108274898070482e-17,-1.870132503777083392e-16,1.000000000000000000e+00,-1.291302064720288752e-02,-1.422351261976793034e-02,-1.599683219909381425e-18
-1.865361463566569955e-03,-3.594426307137957299e-02,-3.672950005000003015e-02,-1.865361463566569955e-03,3.594426307137960075e-02,-3.672950005000003015e-02,8.211108274898070482e-17,-1.870132503777083392e-16,1.000000000000000000e+00,-1.291302064720288752e-02,-1.422351261976793034e-02,-1.599683219909381425e-18
8.134638536433425049e-03,-3.594426307137957299e-02,-3.672950005000003015e-02,8.134638536433425049e-03,3.594426307137960075e-02,-3.672950005000003015e-02,8.211108274898070482e-17,-1.870132503777083392e-16,1.000000000000000000e+00,-1.291302064720288752e-02,-1.422351261976793034e-02,-1.599683219909381425e-18
1.813463853643342005e-02,-3.594426307137957299e-02,-3.672950005000003015e-02,1.813463853643342005e-02,3.594426307137960075e-02,-3.672950005000003015e-02,8.211108274898070482e-17,-1.870132503777083392e-16,1.000000000000000000e+00,-1.291302064720288752e-02,-1.422351261976793034e-02,-1.599683219909381425e-18
2.813463853643341506e-02,-3.594426307137957299e-02,-3.672950005000003015e-02,2.813463853643341506e-02,3.594426307137960075e-02,-3.672950005000003015e-02,8.211108274898070482e-17,-1.870132503777083392e-16,1.000000000000000000e+00,-1.291302064720288752e-02,-1.422351261976793034e-02,-1.599683219909381425e-18
3.813463853643341006e-02,-3.594426307137957299e-02,-3.672950005000003015e-02,3.813463853643341006e-02,3.594426307137960075e-02,-3.672950005000003015e-02,8.211108274898070482e-17,-1.870132503777083392e-16,1.000000000000000000e+00,-1.291302064720288752e-02,-1.422351261976793034e-02,-1.599683219909381425e-18
4.813463853643340506e-02,-3.594426307137957299e-02,-3.672950005000003015e-02,4.813463853643340506e-02,3.594426307137960075e-02,-3.672950005000003015e-02,8.211108274898070482e-17,-1.870132503777083392e-16,1.000000000000000000e+00,-1.291302064720288752e-02,-1.422351261976793034e-02,-1.599683219909381425e-18
5.813463853643340007e-02,-3.594426307137957299e-02,-3.672950005000003015e-02,5.813463853643340007e-02,3.594426307137960075e-02,-3.672950005000003015e-02,8.211108274898070482e-17,-1.870132503777083392e-16,1.000000000000000000e+00,-1.291302064720288752e-02,-1.422351261976793034e-02,-1.599683219909381425e-18
6.813463853643339507e-02,-3.594426307137957299e-02,-3.672950005000003015e-02,6.813463853643339507e-02,3.594426307137960075e-02,-3.672950005000003015e-02,8.211108274898070482e-17,-1.870132503777083392e-16,1.000000000000000000e+00,-1.291302064720288752e-02,-1.422351261976793034e-02,-1.599683219909381425e-18
7.813463853643339008e-02,-3.594426307137957299e-02,-3.672950005000003015e-02,7.813463853643339008e-02,3.594426307137960075e-02,-3.672950005000003015e-02,8.211108274898070482e-17,-1.870132503777083392e-16,1.000000000000000000e+00,-1.291302064720288752e-02,-1.422351261976793034e-02,-1.599683219909381425e-18
-8.186536146356652999e-02,-3.594426307137957299e-02,-2.672950005000003515e-02,-8.186536146356652999e-02,3.594426307137960075e-02,-2.672950005000003515e-02,8.211108274898070482e-17,-1.870132503777083392e-16,1.000000000000000000e+00,-1.291302064720288752e-02,-1.422351261976793034e-02,-1.599683219909381425e-18
-7.186536146356653498e-02,-3.594426307137957299e-02,-2.672950005000003515e-02,-7.186536146356653498e-02,3.594426307137960075e-02,-2.672950005000003515e-02,8.211108274898070482e-17,-1.870132503777083392e-16,1.000000000000000000e+00,-1.291302064720288752e-02,-1.422351261976793034e-02,-1.599683219909381425e-18
-6.186536146356653998e-02,-3.594426307137957299e-02,-2.672950005000003515e-02,-6.186536146356653998e-02,3.594426307137960075e-02,-2.672950005000003515e-02,8.211108274898070482e-17,-1.870132503777083392e-16,1.000000000000000000e+00,-1.291302064720288752e-02,-1.422351261976793034e-02,-1.599683219909381425e-18
-5.186536146356654498e-02,-3.594426307137957299e-02,-2.672950005000003515e-02,-5.186536146356654498e-02,3.594426307137960075e-02,-2.672950005000003515e-02,8.211108274898070482e-17,-1.870132503777083392e-16,1.000000000000000000e+00,-1.291302064720288752e-02,-1.422351261976793034e-02,-1.599683219909381425e-18
-4.186536146356654997e-02,-3.594426307137957299e-02,-2.672950005000003515e-02,-4.186536146356654997e-02,3.594426307137960075e-02,-2.672950005000003515e-02,8.211108274898070482e-17,-1.870132503777083392e-16,1.000000000000000000e+00,-1.291302064720288752e-02,-1.422351261976793034e-02,-1.599683219909381425e-18
-3.186536146356655497e-02,-3.594426307137957299e-02,-2.672950005000003515e-02,-3.186536146356655497e-02,3.594426307137960075e-02,-2.672950005000003515e-02,8.211108274898070482e-17,-1.870132503777083392e-16,1.000000000000000000e+00,-1.291302064720288752e-02,-1.422351261976793034e-02,-1.599683219909381425e-18
-2.186536146356655996e-02,-3.594426307137957299e-02,-2.672950005000003515e-02,-2.186536146356655996e-02,3.594426307137960075e-02,-2.672950005000003515e-02,8.211108274898070482e-17,-1.870132503777083392e-16,1.000000000000000000e+00,-1.291302064720288752e-02,-1.422351261976793034e-02,-1.599683219909381425e-18
-1.186536146356656496e-02,-3.594426307137957299e-02,-2.672950005000003515e-02,-1.186536146356656496e-02,3.594426307137960075e-02,-2.672950005000003515e-02,8.211108274898070482e-17,-1.870132503777083392e-16,1.000000000000000000e+00,-1.291302064720288752e-02,-1.422351261976793034e-02,-1.599683219909381425e-18
-1.865361463566569955e-03,-3.594426307137957299e-02,-2.672950005000003515e-02,-1.865361463566569955e-03,3.594426307137960075e-02,-2.672950005000003515e-02,8.211108274898070482e-17,-1.870132503777083392e-16,1.000000000000000000e+00,-1.291302064720288752e-02,-1.422351261976793034e-02,-1.599683219909381425e-18
8.134638536433425049e-03,-3.594426307137957299e-02,-2.672950005000003515e-02,8.134638536433425049e-03,3.594426307137960075e-02,-2.672950005000003515e-02,8.211108274898070482e-17,-1.870132503777083392e-16,1.000000000000000000e+00,-1.291302064720288752e-02,-1.422351261976793034e-02,-1.599683219909381425e-18
1.813463853643342005e-02,-3.594426307137957299e-02,-2.672950005000003515e-02,1.813463853643342005e-02,3.594426307137960075e-02,-2.672950005000003515e-02,8.211108274898070482e-17,-1.870132503777083392e-16,1.000000000000000000e+00,-1.291302064720288752e-02,-1.422351261976793034e-02,-1.599683219909381425e-18
2.813463853643341506e-02,-3.594426307137957299e-02,-2.672950005000003515e-02,2.813463853643341506e-02,3.594426307137960075e-02,-2.672950005000003515e-02,8.211108274898070482e-17,-1.870132503777083392e-16,1.000000000000000000e+00,-1.291302064720288752e-02,-1.422351261976793034e-02,-1.599683219909381425e-18
3.813463853643341006e-02,-3.594426307137957299e-02,-2.672950005000003515e-02,3.813463853643341006e-02,3.594426307137960075e-02,-2.672950005000003515e-02,8.211108274898070482e-17,-1.870132503777083392e-16,1.000000000000000000e+00,-1.291302064720288752e-02,-1.422351261976793034e-02,-1.599683219909381425e-18
4.813463853643340506e-02,-3.594426307137957299e-02,-2.672950005000003515e-02,4.813463853643340506e-02,3.594426307137960075e-02,-2.672950005000003515e-02,8.211108274898070482e-17,-1.870132503777083392e-16,1.000000000000000000e+00,-1.291302064720288752e-02,-1.422351261976793034e-02,-1.599683219909381425e-18
5.813463853643340007e-02,-3.594426307137957299e-02,-2.672950005000003515e-02,5.813463853643340007e-02,3.594426307137960075e-02,-2.672950005000003515e-02,8.211108274898070482e-17,-1.870132503777083392e-16,1.000000000000000000e+00,-1.291302064720288752e-02,-1.422351261976793034e-02,-1.599683219909381425e-18
6.813463853643339507e-02,-3.594426307137957299e-02,-2.672950005000003515e-02,6.813463853643339507e-02,3.594426307137960075e-02,-2.672950005000003515e-02,8.211108274898070482e-17,-1.870132503777083392e-16,1.000000000000000000e+00,-1.291302064720288752e-02,-1.422351261976793034e-02,-1.599683219909381425e-18
7.813463853643339008e-02,-3.594426307137957299e-02,-2.672950005000003515e-02,7.813463853643339008e-02,3.594426307137960075e-02,-2.672950005000003515e-02,8.211108274898070482e-17,-1.870132503777083392e-16,1.000000000000000000e+00,-1.291302064720288752e-02,-1.422351261976793034e-02,-1.599683219909381425e-18
-8.186536146356652999e-02,-3.594426307137957299e-02,-1.672950005000004015e-02,-8.186536146356652999e-02,3.594426307137960075e-02,-1.672950005000004015e-02,8.211108274898070482e-17,-1.870132503777083392e-16,1.000000000000000000e+00,-1.291302064720288752e-02,-1.422351261976793034e-02,-1.599683219909381425e-18
-7.186536146356653498e-02,-3.594426307137957299e-02,-1.672950005000004015e-02,-7.186536146356653498e-02,3.594426307137960075e-02,-1.672950005000004015e-02,8.211108274898070482e-17,-1.870132503777083392e-16,1.000000000000000000e+00,-1.291302064720288752e-02,-1.422351261976793034e-02,-1.599683219909381425e-18
-6.186536146356653998e-02,-3.594426307137957299e-02,-1.672950005000004015e-02,-6.186536146356653998e-02,3.594426307137960075e-02,-1.672950005000004015e-02,8.211108274898070482e-17,-1.870132503777083392e-16,1.000000000000000000e+00,-1.291302064720288752e-02,-1.422351261976793034e-02,-1.599683219909381425e-18
-5.186536146356654498e-02,-3.594426307137957299e-02,-1.672950005000004015e-02,-5.186536146356654498e-02,3.594426307137960075e-02,-1.672950005000004015e-02,8.211108274898070482e-17,-1.870132503777083392e-16,1.000000000000000000e+00,-1.291302064720288752e-02,-1.422351261976793034e-02,-1.599683219909381425e-18
-4.186536146356654997e-02,-3.594426307137957299e-02,-1.672950005000004015e-02,-4.186536146356654997e-02,3.594426307137960075e-02,-1.672950005000004015e-02,8.211108274898070482e-17,-1.870132503777083392e-16,1.000000000000000000e+00,-1.291302064720288752e-02,-1.422351261976793034e-02,-1.599683219909381425e-18
-3.186536146356655497e-02,-3.594426307137957299e-02,-1.672950005000004015e-02,-3.186536146356655497e-02,3.594426307137960075e-02,-1.672950005000004015e-02,8.211108274898070482e-17,-1.870132503777083392e-16,1.000000000000000000e+00,-1.291302064720288752e-02,-1.422351261976793034e-02,-1.599683219909381425e-18
-2.186536146356655996e-02,-3.594426307137957299e-02,-1.672950005000004015e-02,-2.186536146356655996e-02,3.594426307137960075e-02,-1.672950005000004015e-02,8.211108274898070482e-17,-1.870132503777083392e-16,1.000000000000000000e+00,-1.291302064720288752e-02,-1.422351261976793034e-02,-1.599683219909381425e-18
-1.186536146356656496e-02,-3.594426307137957299e-02,-1.672950005000004015e-02,-1.186536146356656496e-02,3.594426307137960075e-02,-1.672950005000004015e-02,8.211108274898070482e-17,-1.870132503777083392e-16,1.000000000000000000e+00,-1.291302064720288752e-02,-1.422351261976793034e-02,-1.599683219909381425e-18
-1.865361463566569955e-03,-3.594426307137957299e-02,-1.672950005000004015e-02,-1.865361463566569955e-03,3.594426307137960075e-02,-1.672950005000004015e-02,8.211108274898070482e-17,-1.870132503777083392e-16,1.000000000000000000e+00,-1.291302064720288752e-02,-1.422351261976793034e-02,-1.599683219909381425e-18
8.134638536433425049e-03,-3.594426307137957299e-02,-1.672950005000004015e-02,8.134638536433425049e-03,3.594426307137960075e-02,-1.672950005000004015e-02,8.211108274898070482e-17,-1.870132503777083392e-16,1.000000000000000000e+00,-1.291302064720288752e-02,-1.422351261976793034e-02,-1.599683219909381425e-18
1.813463853643342005e-02,-3.594426307137957299e-02,-1.672950005000004015e-02,1.813463853643342005e-02,3.594426307137960075e-02,-1.672950005000004015e-02,8.211108274898070482e-17,-1.870132503777083392e-16,1.000000000000000000e+00,-1.291302064720288752e-02,-1.422351261976793034e-02,-1.599683219909381425e-18
2.813463853643341506e-02,-3.594426307137957299e-02,-1.672950005000004015e-02,2.813463853643341506e-02,3.594426307137960075e-02,-1.672950005000004015e-02,8.211108274898070482e-17,-1.870132503777083392e-16,1.000000000000000000e+00,-1.291302064720288752e-02,-1.422351261976793034e-02,-1.599683219909381425e-18
3.813463853643341006e-02,-3.594426307137957299e-02,-1.672950005000004015e-02,3.813463853643341006e-02,3.594426307137960075e-02,-1.672950005000004015e-02,8.211108274898070482e-17,-1.870132503777083392e-16,1.000000000000000000e+00,-1.291302064720288752e-02,-1.422351261976793034e-02,-1.599683219909381425e-18
4.813463853643340506e-02,-3.594426307137957299e-02,-1.672950005000004015e-02,4.813463853643340506e-02,3.594426307137960075e-02,-1.672950005000004015e-02,8.211108274898070482e-17,-1.870132503777083392e-16,1.000000000000000000e+00,-1.291302064720288752e-02,-1.422351261976793034e-02,-1.599683219909381425e-18
5.813463853643340007e-02,-3.594426307137957299e-02,-1.672950005000004015e-02,5.813463853643340007e-02,3.594426307137960075e-02,-1.672950005000004015e-02,8.211108274898070482e-17,-1.870132503777083392e-16,1.000000000000000000e+00,-1.291302064720288752e-02,-1.422351261976793034e-02,-1.599683219909381425e-18
6.813463853643339507e-02,-3.594426307137957299e-02,-1.672950005000004015e-02,6.813463853643339507e-02,3.594426307137960075e-02,-1.672950005000004015e-02,8.211108274898070482e-17,-1.870132503777083392e-16,1.000000000000000000e+00,-1.291302064720288752e-02,-1.422351261976793034e-02,-1.599683219909381425e-18
7.813463853643339008e-02,-3.594426307137957299e-02,-1.672950005000004015e-02,7.813463853643339008e-02,3.594426307137960075e-02,-1.672950005000004015e-02,8.211108274898070482e-17,-1.870132503777083392e-16,1.000000000000000000e+00,-1.291302064720288752e-02,-1.422351261976793034e-02,-1.599683219909381425e-18
-8.186536146356652999e-02,-3.594426307137957299e-02,-6.729500050000045142e-03,-8.186536146356652999e-02,3.594426307137960075e-02,-6.729500050000045142e-03,8.211108274898070482e-17,-1.870132503777083392e-16,1.000000000000000000e+00,-1.291302064720288752e-02,-1.422351261976793034e-02,-1.599683219909381425e-18
-7.186536146356653498e-02,-3.594426307137957299e-02,-6.729500050000045142e-03,-7.186536146356653498e-02,3.594426307137960075e-02,-6.729500050000045142e-03,8.211108274898070482e-17,-1.870132503777083392e-16,1.000000000000000000e+00,-1.291302064720288752e-02,-1.422351261976793034e-02,-1.599683219909381425e-18
-6.186536146356653998e-02,-3.594426307137957299e-02,-6.729500050000045142e-03,-6.186536146356653998e-02,3.594426307137960075e-02,-6.729500050000045142e-03,8.211108274898070482e-17,-1.870132503777083392e-16,1.000000000000000000e+00,-1.291302064720288752e-02,-1.422351261976793034e-02,-1.599683219909381425e-18
-5.186536146356654498e-02,-3.594426307137957299e-02,-6.729500050000045142e-03,-5.186536146356654498e-02,3.594426307137960075e-02,-6.729500050000045142e-03,8.211108274898070482e-17,-1.870132503777083392e-16,1.000000000000000000e+00,-1.291302064720288752e-02,-1.422351261976793034e-02,-1.599683219909381425e-18
-4.186536146356654997e-02,-3.594426307137957299e-02,-6.729500050000045142e-03,-4.186536146356654997e-02,3.594426307137960075e-02,-6.729500050000045142e-03,8.211108274898070482e-17,-1.870132503777083392e-16,1.000000000000000000e+00,-1.291302064720288752e-02,-1.422351261976793034e-02,-1.599683219909381425e-18
-3.186536146356655497e-02,-3.594426307137957299e-02,-6.729500050000045142e-03,-3.186536146356655497e-02,3.594426307137960075e-02,-6.729500050000045142e-03,8.211108274898070482e-17,-1.870132503777083392e-16,1.000000000000000000e+00,-1.291302064720288752e-02,-1.422351261976793034e-02,-1.599683219909381425e-18
-2.186536146356655996e-02,-3.594426307137957299e-02,-6.729500050000045142e-03,-2.186536146356655996e-02,3.594426307137960075e-02,-6.729500050000045142e-03,8.211108274898070482e-17,-1.870132503777083392e-16,1.000000000000000000e+00,-1.291302064720288752e-02,-1.422351261976793034e-02,-1.599683219909381425e-18
-1.186536146356656496e-02,-3.594426307137957299e-02,-6.729500050000045142e-03,-1.186536146356656496e-02,3.594426307137960075e-02,-6.729500050000045142e-03,8.211108274898070482e-17,-1.870132503777083392e-16,1.000000000000000000e+00,-1.291302064720288752e-02,-1.422351261976793034e-02,-1.599683219909381425e-18
-1.865361463566569955e-03,-3.594426307137957299e-02,-6.729500050000045142e-03,-1.865361463566569955e-03,3.594426307137960075e-02,-6.729500050000045142e-03,8.211108274898070482e-17,-1.870132503777083392e-16,1.000000000000000000e+00,-1.291302064720288752e-02,-1.422351261976793034e-02,-1.599683219909381425e-18
8.134638536433425049e-03,-3.594426307137957299e-02,-6.729500050000045142e-03,8.134638536433425049e-03,3.594426307137960075e-02,-6.729500050000045142e-03,8.211108274898070482e-17,-1.870132503777083392e-16,1.000000000000000000e+00,-1.291302064720288752e-02,-1.422351261976793034e-02,-1.599683219909381425e-18
1.813463853643342005e-02,-3.594426307137957299e-02,-6.729500050000045142e-03,1.813463853643342005e-02,3.594426307137960075e-02,-6.729500050000045142e-03,8.211108274898070482e-17,-1.870132503777083392e-16,1.000000000000000000e+00,-1.291302064720288752e-02,-1.422351261976793034e-02,-1.599683219909381425e-18
2.813463853643341506e-02,-3.594426307137957299e-02,-6.729500050000045142e-03,2.813463853643341506e-02,3.594426307137960075e-02,-6.729500050000045142e-03,8.211108274898070482e-17,-1.870132503777083392e-16,1.000000000000000000e+00,-1.291302064720288752e-02,-1.422351261976793034e-02,-1.599683219909381425e-18
3.813463853643341006e-02,-3.594426307137957299e-02,-6.729500050000045142e-03,3.813463853643341006e-02,3.594426307137960075e-02,-6.729500050000045142e-03,8.211108274898070482e-17,-1.870132503777083392e-16,1.000000000000000000e+00,-1.291302064720288752e-02,-1.422351261976793034e-02,-1.599683219909381425e-18
4.813463853643340506e-02,-3.594426307137957299e-02,-6.729500050000045142e-03,4.813463853643340506e-02,3.594426307137960075e-02,-6.729500050000045142e-03,8.211108274898070482e-17,-1.870132503777083392e-16,1.000000000000000000e+00,-1.291302064720288752e-02,-1.422351261976793034e-02,-1.599683219909381425e-18
5.813463853643340007e-02,-3.594426307137957299e-02,-6.729500050000045142e-03,5.813463853643340007e-02,3.594426307137960075e-02,-6.729500050000045142e-03,8.211108274898070482e-17,-1.870132503777083392e-16,1.000000000000000000e+00,-1.291302064720288752e-02,-1.422351261976793034e-02,-1.599683219909381425e-18
6.813463853643339507e-02,-3.594426307137957299e-02,-6.729500050000045142e-03,6.813463853643339507e-02,3.594426307137960075e-02,-6.729500050000045142e-03,8.211108274898070482e-17,-1.870132503777083392e-16,1.000000000000000000e+00,-1.291302064720288752e-02,-1.422351261976793034e-02,-1.599683219909381425e-18
7.813463853643339008e-02,-3.594426307137957299e-02,-6.729500050000045142e-03,7.813463853643339008e-02,3.594426307137960075e-02,-6.729500050000045142e-03,8.211108274898070482e-17,-1.870132503777083392e-16,1.000000000000000000e+00,-1.291302064720288752e-02,-1.422351261976793034e-02,-1.599683219909381425e-18
-8.186536146356652999e-02,-3.594426307137957299e-02,3.270499949999949862e-03,-8.186536146356652999e-02,3.594426307137960075e-02,3.270499949999949862e-03,8.211108274898070482e-17,-1.870132503777083392e-16,1.000000000000000000e+00,-1.291302064720288752e-02,-1.422351261976793034e-02,-1.599683219909381425e-18
-7.186536146356653498e-02,-3.594426307137957299e-02,3.270499949999949862e-03,-7.186536146356653498e-02,3.594426307137960075e-02,3.270499949999949862e-03,8.211108274898070482e-17,-1.870132503777083392e-16,1.000000000000000000e+00,-1.291302064720288752e-02,-1.422351261976793034e-02,-1.599683219909381425e-18
-6.186536146356653998e-02,-3.594426307137957299e-02,3.270499949999949862e-03,-6.186536146356653998e-02,3.594426307137960075e-02,3.270499949999949862e-03,8.211108274898070482e-17,-1.870132503777083392e-16,1.000000000000000000e+00,-1.291302064720288752e-02,-1.422351261976793034e-02,-1.599683219909381425e-18
-5.186536146356654498e-02,-3.594426307137957299e-02,3.270499949999949862e-03,-5.186536146356654498e-02,3.594426307137960075e-02,3.270499949999949862e-03,8.211108274898070482e-17,-1.870132503777083392e-16,1.000000000000000000e+00,-1.291302064720288752e-02,-1.422351261976793034e-02,-1.599683219909381425e-18
-4.186536146356654997e-02,-3.594426307137957299e-02,3.270499949999949862e-03,-4.186536146356654997e-02,3.594426307137960075e-02,3.270499949999949862e-03,8.211108274898070482e-17,-1.870132503777083392e-16,1.000000000000000000e+00,-1.291302064720288752e-02,-1.422351261976793034e-02,-1.599683219909381425e-18
-3.186536146356655497e-02,-3.594426307137957299e-02,3.270499949999949862e-03,-3.186536146356655497e-02,3.594426307137960075e-02,3.270499949999949862e-03,8.211108274898070482e-17,-1.870132503777083392e-16,1.000000000000000000e+00,-1.291302064720288752e-02,-1.422351261976793034e-02,-1.599683219909381425e-18
-2.186536146356655996e-02,-3.594426307137957299e-02,3.270499949999949862e-03,-2.186536146356655996e-02,3.594426307137960075e-02,3.270499949999949862e-03,8.211108274898070482e-17,-1.870132503777083392e-16,1.000000000000000000e+00,-1.291302064720288752e-02,-1.422351261976793034e-02,-1.599683219909381425e-18
-1.186536146356656496e-02,-3.594426307137957299e-02,3.270499949999949862e-03,-1.186536146356656496e-02,3.594426307137960075e-02,3.270499949999949862e-03,8.211108274898070482e-17,-1.870132503777083392e-16,1.000000000000000000e+00,-1.291302064720288752e-02,-1.422351261976793034e-02,-1.599683219909381425e-18
-1.865361463566569955e-03,-3.594426307137957299e-02,3.270499949999949862e-03,-1.865361463566569955e-03,3.594426307137960075e-02,3.270499949999949862e-03,8.211108274898070482e-17,-1.870132503777083392e-16,1.000000000000000000e+00,-1.291302064720288752e-02,-1.422351261976793034e-02,-1.599683219909381425e-18
8.134638536433425049e-03,-3.594426307137957299e-02,3.270499949999949862e-03,8.134638536433425049e-03,3.594426307137960075e-02,3.270499949999949862e-03,8.211108274898070482e-17,-1.870132503777083392e-16,1.000000000000000000e+00,-1.291302064720288752e-02,-1.422351261976793034e-02,-1.599683219909381425e-18
1.813463853643342005e-02,-3.594426307137957299e-02,3.270499949999949862e-03,1.813463853643342005e-02,3.594426307137960075e-02,3.270499949999949862e-03,8.211108274898070482e-17,-1.870132503777083392e-16,1.000000000000000000e+00,-1.291302064720288752e-02,-1.422351261976793034e-02,-1.599683219909381425e-18
2.813463853643341506e-02,-3.594426307137957299e-02,3.270499949999949862e-03,2.813463853643341506e-02,3.594426307137960075e-02,3.270499949999949862e-03,8.211108274898070482e-17,-1.870132503777083392e-16,1.000000000000000000e+00,-1.291302064720288752e-02,-1.422351261976793034e-02,-1.599683219909381425e-18
3.813463853643341006e-02,-3.594426307137957299e-02,3.270499949999949862e-03,3.813463853643341006e-02,3.594426307137960075e-02,3.270499949999949862e-03,8.211108274898070482e-17,-1.870132503777083392e-16,1.000000000000000000e+00,-1.291302064720288752e-02,-1.422351261976793034e-02,-1.599683219909381425e-18
4.813463853643340506e-02,-3.594426307137957299e-02,3.270499949999949862e-03,4.813463853643340506e-02,3.594426307137960075e-02,3.270499949999949862e-03,8.211108274898070482e-17,-1.870132503777083392e-16,1.000000000000000000e+00,-1.291302064720288752e-02,-1.422351261976793034e-02,-1.599683219909381425e-18
5.813463853643340007e-02,-3.594426307137957299e-02,3.270499949999949862e-03,5.813463853643340007e-02,3.594426307137960075e-02,3.270499949999949862e-03,8.211108274898070482e-17,-1.870132503777083392e-16,1.000000000000000000e+00,-1.291302064720288752e-02,-1.422351261976793034e-02,-1.599683219909381425e-18
6.813463853643339507e-02,-3.594426307137957299e-02,3.270499949999949862e-03,6.813463853643339507e-02,3.594426307137960075e-02,3.270499949999949862e-03,8.211108274898070482e-17,-1.870132503777083392e-16,1.000000000000000000e+00,-1.291302064720288752e-02,-1.422351261976793034e-02,-1.599683219909381425e-18
7.813463853643339008e-02,-3.594426307137957299e-02,3.270499949999949862e-03,7.813463853643339008e-02,3.594426307137960075e-02,3.270499949999949862e-03,8.211108274898070482e-17,-1.870132503777083392e-16,1.000000000000000000e+00,-1.291302064720288752e-02,-1.422351261976793034e-02,-1.599683219909381425e-18
-8.186536146356652999e-02,-3.594426307137957299e-02,1.327049994999994487e-02,-8.186536146356652999e-02,3.594426307137960075e-02,1.327049994999994487e-02,8.211108274898070482e-17,-1.870132503777083392e-16,1.000000000000000000e+00,-1.291302064720288752e-02,-1.422351261976793034e-02,-1.599683219909381425e-18
-7.186536146356653498e-02,-3.594426307137957299e-02,1.327049994999994487e-02,-7.186536146356653498e-02,3.594426307137960075e-02,1.327049994999994487e-02,8.211108274898070482e-17,-1.870132503777083392e-16,1.000000000000000000e+00,-1.291302064720288752e-02,-1.422351261976793034e-02,-1.599683219909381425e-18
-6.186536146356653998e-02,-3.594426307137957299e-02,1.327049994999994487e-02,-6.186536146356653998e-02,3.594426307137960075e-02,1.327049994999994487e-02,8.211108274898070482e-17,-1.870132503777083392e-16,1.000000000000000000e+00,-1.291302064720288752e-02,-1.422351261976793034e-02,-1.599683219909381425e-18
-5.186536146356654498e-02,-3.594426307137957299e-02,1.327049994999994487e-02,-5.186536146356654498e-02,3.594426307137960075e-02,1.327049994999994487e-02,8.211108274898070482e-17,-1.870132503777083392e-16,1.000000000000000000e+00,-1.291302064720288752e-02,-1.422351261976793034e-02,-1.599683219909381425e-18
-4.186536146356654997e-02,-3.594426307137957299e-02,1.327049994999994487e-02,-4.186536146356654997e-02,3.594426307137960075e-02,1.327049994999994487e-02,8.211108274898070482e-17,-1.870132503777083392e-16,1.000000000000000000e+00,-1.291302064720288752e-02,-1.422351261976793034e-02,-1.599683219909381425e-18
-3.186536146356655497e-02,-3.594426307137957299e-02,1.327049994999994487e-02,-3.186536146356655497e-02,3.594426307137960075e-02,1.327049994999994487e-02,8.211108274898070482e-17,-1.870132503777083392e-16,1.000000000000000000e+00,-1.291302064720288752e-02,-1.422351261976793034e-02,-1.599683219909381425e-18
-2.186536146356655996e-02,-3.594426307137957299e-02,1.327049994999994487e-02,-2.186536146356655996e-02,3.594426307137960075e-02,1.327049994999994487e-02,8.211108274898070482e-17,-1.870132503777083392e-16,1.000000000000000000e+00,-1.291302064720288752e-02,-1.422351261976793034e-02,-1.599683219909381425e-18
-1.186536146356656496e-02,-3.594426307137957299e-02,1.327049994999994487e-02,-1.186536146356656496e-02,3.594426307137960075e-02,1.327049994999994487e-02,8.211108274898070482e-17,-1.870132503777083392e-16,1.000000000000000000e+00,-1.291302064720288752e-02,-1.422351261976793034e-02,-1.599683219909381425e-18
-1.865361463566569955e-03,-3.594426307137957299e-02,1.327049994999994487e-02,-1.865361463566569955e-03,3.594426307137960075e-02,1.327049994999994487e-02,8.211108274898070482e-17,-1.870132503777083392e-16,1.000000000000000000e+00,-1.291302064720288752e-02,-1.422351261976793034e-02,-1.599683219909381425e-18
8.134638536433425049e-03,-3.594426307137957299e-02,1.327049994999994487e-02,8.134638536433425049e-03,3.594426307137960075e-02,1.327049994999994487e-02,8.211108274898070482e-17,-1.870132503777083392e-16,1.000000000000000000e+00,-1.291302064720288752e-02,-1.422351261976793034e-02,-1.599683219909381425e-18
1.813463853643342005e-02,-3.594426307137957299e-02,1.327049994999994487e-02,1.813463853643342005e-02,3.594426307137960075e-02,1.327049994999994487e-02,8.211108274898070482e-17,-1.870132503777083392e-16,1.000000000000000000e+00,-1.291302064720288752e-02,-1.422351261976793034e-02,-1.599683219909381425e-18
2.813463853643341506e-02,-3.594426307137957299e-02,1.327049994999994487e-02,2.813463853643341506e-02,3.594426307137960075e-02,1.327049994999994487e-02,8.211108274898070482e-17,-1.870132503777083392e-16,1.000000000000000000e+00,-1.291302064720288752e-02,-1.422351261976793034e-02,-1.599683219909381425e-18
3.813463853643341006e-02,-3.594426307137957299e-02,1.327049994999994487e-02,3.813463853643341006e-02,3.594426307137960075e-02,1.327049994999994487e-02,8.211108274898070482e-17,-1.870132503777083392e-16,1.000000000000000000e+00,-1.291302064720288752e-02,-1.422351261976793034e-02,-1.599683219909381425e-18
4.813463853643340506e-02,-3.594426307137957299e-02,1.327049994999994487e-02,4.813463853643340506e-02,3.594426307137960075e-02,1.327049994999994487e-02,8.211108274898070482e-17,-1.870132503777083392e-16,1.000000000000000000e+00,-1.291302064720288752e-02,-1.422351261976793034e-02,-1.599683219909381425e-18
5.813463853643340007e-02,-3.594426307137957299e-02,1.327049994999994487e-02,5.813463853643340007e-02,3.594426307137960075e-02,1.327049994999994487e-02,8.211108274898070482e-17,-1.870132503777083392e-16,1.000000000000000000e+00,-1.291302064720288752e-02,-1.422351261976793034e-02,-1.599683219909381425e-18
6.813463853643339507e-02,-3.594426307137957299e-02,1.327049994999994487e-02,6.813463853643339507e-02,3.594426307137960075e-02,1.327049994999994487e-02,8.211108274898070482e-17,-1.870132503777083392e-16,1.000000000000000000e+00,-1.291302064720288752e-02,-1.422351261976793034e-02,-1.599683219909381425e-18
7.813463853643339008e-02,-3.594426307137957299e-02,1.327049994999994487e-02,7.813463853643339008e-02,3.594426307137960075e-02,1.327049994999994487e-02,8.211108274898070482e-17,-1.870132503777083392e-16,1.000000000000000000e+00,-1.291302064720288752e-02,-1.422351261976793034e-02,-1.599683219909381425e-18
-8.186536146356652999e-02,-3.594426307137957299e-02,2.327049994999993987e-02,-8.186536146356652999e-02,3.594426307137960075e-02,2.327049994999993987e-02,8.211108274898070482e-17,-1.870132503777083392e-16,1.000000000000000000e+00,-1.291302064720288752e-02,-1.422351261976793034e-02,-1.599683219909381425e-18
-7.186536146356653498e-02,-3.594426307137957299e-02,2.327049994999993987e-02,-7.186536146356653498e-02,3.594426307137960075e-02,2.327049994999993987e-02,8.211108274898070482e-17,-1.870132503777083392e-16,1.000000000000000000e+00,-1.291302064720288752e-02,-1.422351261976793034e-02,-1.599683219909381425e-18
-6.186536146356653998e-02,-3.594426307137957299e-02,2.327049994999993987e-02,-6.186536146356653998e-02,3.594426307137960075e-02,2.327049994999993987e-02,8.211108274898070482e-17,-1.870132503777083392e-16,1.000000000000000000e+00,-1.291302064720288752e-02,-1.422351261976793034e-02,-1.599683219909381425e-18
-5.186536146356654498e-02,-3.594426307137957299e-02,2.327049994999993987e-02,-5.186536146356654498e-02,3.594426307137960075e-02,2.327049994999993987e-02,8.211108274898070482e-17,-1.870132503777083392e-16,1.000000000000000000e+00,-1.291302064720288752e-02,-1.422351261976793034e-02,-1.599683219909381425e-18
-4.186536146356654997e-02,-3.594426307137957299e-02,2.327049994999993987e-02,-4.186536146356654997e-02,3.594426307137960075e-02,2.327049994999993987e-02,8.211108274898070482e-17,-1.870132503777083392e-16,1.000000000000000000e+00,-1.291302064720288752e-02,-1.422351261976793034e-02,-1.599683219909381425e-18
-3.186536146356655497e-02,-3.594426307137957299e-02,2.327049994999993987e-02,-3.186536146356655497e-02,3.594426307137960075e-02,2.327049994999993987e-02,8.211108274898070482e-17,-1.870132503777083392e-16,1.000000000000000000e+00,-1.291302064720288752e-02,-1.422351261976793034e-02,-1.599683219909381425e-18
-2.186536146356655996e-02,-3.594426307137957299e-02,2.327049994999993987e-02,-2.186536146356655996e-02,3.594426307137960075e-02,2.327049994999993987e-02,8.211108274898070482e-17,-1.870132503777083392e-16,1.000000000000000000e+00,-1.291302064720288752e-02,-1.422351261976793034e-02,-1.599683219909381425e-18
-1.186536146356656496e-02,-3.594426307137957299e-02,2.327049994999993987e-02,-1.186536146356656496e-02,3.594426307137960075e-02,2.327049994999993987e-02,8.211108274898070482e-17,-1.870132503777083392e-16,1.000000000000000000e+00,-1.291302064720288752e-02,-1.422351261976793034e-02,-1.599683219909381425e-18
-1.865361463566569955e-03,-3.594426307137957299e-02,2.327049994999993987e-02,-1.865361463566569955e-03,3.594426307137960075e-02,2.327049994999993987e-02,8.211108274898070482e-17,-1.870132503777083392e-16,1.000000000000000000e+00,-1.291302064720288752e-02,-1.422351261976793034e-02,-1.599683219909381425e-18
8.134638536433425049e-03,-3.594426307137957299e-02,2.327049994999993987e-02,8.134638536433425049e-03,3.594426307137960075e-02,2.327049994999993987e-02,8.211108274898070482e-17,-1.870132503777083392e-16,1.000000000000000000e+00,-1.291302064720288752e-02,-1.422351261976793034e-02,-1.599683219909381425e-18
1.813463853643342005e-02,-3.594426307137957299e-02,2.327049994999993987e-02,1.813463853643342005e-02,3.594426307137960075e-02,2.327049994999993987e-02,8.211108274898070482e-17,-1.870132503777083392e-16,1.000000000000000000e+00,-1.291302064720288752e-02,-1.422351261976793034e-02,-1.599683219909381425e-18
2.813463853643341506e-02,-3.594426307137957299e-02,2.327049994999993987e-02,2.813463853643341506e-02,3.594426307137960075e-02,2.327049994999993987e-02,8.211108274898070482e-17,-1.870132503777083392e-16,1.000000000000000000e+00,-1.291302064720288752e-02,-1.422351261976793034e-02,-1.599683219909381425e-18
3.813463853643341006e-02,-3.594426307137957299e-02,2.327049994999993987e-02,3.813463853643341006e-02,3.594426307137960075e-02,2.327049994999993987e-02,8.211108274898070482e-17,-1.870132503777083392e-16,1.000000000000000000e+00,-1.291302064720288752e-02,-1.422351261976793034e-02,-1.599683219909381425e-18
4.813463853643340506e-02,-3.594426307137957299e-02,2.327049994999993987e-02,4.813463853643340506e-02,3.594426307137960075e-02,2.327049994999993987e-02,8.211108274898070482e-17,-1.870132503777083392e-16,1.000000000000000000e+00,-1.291302064720288752e-02,-1.422351261976793034e-02,-1.599683219909381425e-18
5.813463853643340007e-02,-3.594426307137957299e-02,2.327049994999993987e-02,5.813463853643340007e-02,3.594426307137960075e-02,2.327049994999993987e-02,8.211108274898070482e-17,-1.870132503777083392e-16,1.000000000000000000e+00,-1.291302064720288752e-02,-1.422351261976793034e-02,-1.599683219909381425e-18
6.813463853643339507e-02,-3.594426307137957299e-02,2.327049994999993987e-02,6.813463853643339507e-02,3.594426307137960075e-02,2.327049994999993987e-02,8.211108274898070482e-17,-1.870132503777083392e-16,1.000000000000000000e+00,-1.291302064720288752e-02,-1.422351261976793034e-02,-1.599683219909381425e-18
7.813463853643339008e-02,-3.594426307137957299e-02,2.327049994999993987e-02,7.813463853643339008e-02,3.594426307137960075e-02,2.327049994999993987e-02,8.211108274898070482e-17,-1.870132503777083392e-16,1.000000000000000000e+00,-1.291302064720288752e-02,-1.422351261976793034e-02,-1.599683219909381425e-18
-8.186536146356652999e-02,-3.594426307137957299e-02,3.327049994999993487e-02,-8.186536146356652999e-02,3.594426307137960075e-02,3.327049994999993487e-02,8.211108274898070482e-17,-1.870132503777083392e-16,1.000000000000000000e+00,-1.291302064720288752e-02,-1.422351261976793034e-02,-1.599683219909381425e-18
-7.186536146356653498e-02,-3.594426307137957299e-02,3.327049994999993487e-02,-7.186536146356653498e-02,3.594426307137960075e-02,3.327049994999993487e-02,8.211108274898070482e-17,-1.870132503777083392e-16,1.000000000000000000e+00,-1.291302064720288752e-02,-1.422351261976793034e-02,-1.599683219909381425e-18
-6.186536146356653998e-02,-3.594426307137957299e-02,3.327049994999993487e-02,-6.186536146356653998e-02,3.594426307137960075e-02,3.327049994999993487e-02,8.211108274898070482e-17,-1.870132503777083392e-16,1.000000000000000000e+00,-1.291302064720288752e-02,-1.422351261976793034e-02,-1.599683219909381425e-18
-5.186536146356654498e-02,-3.594426307137957299e-02,3.327049994999993487e-02,-5.186536146356654498e-02,3.594426307137960075e-02,3.327049994999993487e-02,8.211108274898070482e-17,-1.870132503777083392e-16,1.000000000000000000e+00,-1.291302064720288752e-02,-1.422351261976793034e-02,-1.599683219909381425e-18
-4.186536146356654997e-02,-3.594426307137957299e-02,3.327049994999993487e-02,-4.186536146356654997e-02,3.594426307137960075e-02,3.327049994999993487e-02,8.211108274898070482e-17,-1.870132503777083392e-16,1.000000000000000000e+00,-1.291302064720288752e-02,-1.422351261976793034e-02,-1.599683219909381425e-18
-3.186536146356655497e-02,-3.594426307137957299e-02,3.327049994999993487e-02,-3.186536146356655497e-02,3.594426307137960075e-02,3.327049994999993487e-02,8.211108274898070482e-17,-1.870132503777083392e-16,1.000000000000000000e+00,-1.291302064720288752e-02,-1.422351261976793034e-02,-1.599683219909381425e-18
-2.186536146356655996e-02,-3.594426307137957299e-02,3.327049994999993487e-02,-2.186536146356655996e-02,3.594426307137960075e-02,3.327049994999993487e-02,8.211108274898070482e-17,-1.870132503777083392e-16,1.000000000000000000e+00,-1.291302064720288752e-02,-1.422351261976793034e-02,-1.599683219909381425e-18
-1.186536146356656496e-02,-3.594426307137957299e-02,3.327049994999993487e-02,-1.186536146356656496e-02,3.594426307137960075e-02,3.327049994999993487e-02,8.211108274898070482e-17,-1.870132503777083392e-16,1.000000000000000000e+00,-1.291302064720288752e-02,-1.422351261976793034e-02,-1.599683219909381425e-18
-1.865361463566569955e-03,-3.594426307137957299e-02,3.327049994999993487e-02,-1.865361463566569955e-03,3.594426307137960075e-02,3.327049994999993487e-02,8.211108274898070482e-17,-1.870132503777083392e-16,1.000000000000000000e+00,-1.291302064720288752e-02,-1.422351261976793034e-02,-1.599683219909381425e-18
8.134638536433425049e-03,-3.594426307137957299e-02,3.327049994999993487e-02,8.134638536433425049e-03,3.594426307137960075e-02,3.327049994999993487e-02,8.211108274898070482e-17,-1.870132503777083392e-16,1.000000000000000000e+00,-1.291302064720288752e-02,-1.422351261976793034e-02,-1.599683219909381425e-18
1.813463853643342005e-02,-3.594426307137957299e-02,3.327049994999993487e-02,1.813463853643342005e-02,3.594426307137960075e-02,3.327049994999993487e-02,8.211108274898070482e-17,-1.870132503777083392e-16,1.000000000000000000e+00,-1.291302064720288752e-02,-1.422351261976793034e-02,-1.599683219909381425e-18
2.813463853643341506e-02,-3.594426307137957299e-02,3.327049994999993487e-02,2.813463853643341506e-02,3.594426307137960075e-02,3.327049994999993487e-02,8.211108274898070482e-17,-1.870132503777083392e-16,1.000000000000000000e+00,-1.291302064720288752e-02,-1.422351261976793034e-02,-1.599683219909381425e-18
3.813463853643341006e-02,-3.594426307137957299e-02,3.327049994999993487e-02,3.813463853643341006e-02,3.594426307137960075e-02,3.327049994999993487e-02,8.211108274898070482e-17,-1.870132503777083392e-16,1.000000000000000000e+00,-1.291302064720288752e-02,-1.422351261976793034e-02,-1.599683219909381425e-18
4.813463853643340506e-02,-3.594426307137957299e-02,3.327049994999993487e-02,4.813463853643340506e-02,3.594426307137960075e-02,3.327049994999993487e-02,8.211108274898070482e-17,-1.870132503777083392e-16,1.000000000000000000e+00,-1.291302064720288752e-02,-1.422351261976793034e-02,-1.599683219909381425e-18
5.813463853643340007e-02,-3.594426307137957299e-02,3.327049994999993487e-02,5.813463853643340007e-02,3.594426307137960075e-02,3.327049994999993487e-02,8.211108274898070482e-17,-1.870132503777083392e-16,1.000000000000000000e+00,-1.291302064720288752e-02,-1.422351261976793034e-02,-1.599683219909381425e-18
6.813463853643339507e-02,-3.594426307137957299e-02,3.327049994999993487e-02,6.813463853643339507e-02,3.594426307137960075e-02,3.327049994999993487e-02,8.211108274898070482e-17,-1.870132503777083392e-16,1.000000000000000000e+00,-1.291302064720288752e-02,-1.422351261976793034e-02,-1.599683219909381425e-18
7.813463853643339008e-02,-3.594426307137957299e-02,3.327049994999993487e-02,7.813463853643339008e-02,3.594426307137960075e-02,3.327049994999993487e-02,8.211108274898070482e-17,-1.870132503777083392e-16,1.000000000000000000e+00,-1.291302064720288752e-02,-1.422351261976793034e-02,-1.599683219909381425e-18
-8.186536146356652999e-02,-3.594426307137957299e-02,4.327049994999992988e-02,-8.186536146356652999e-02,3.594426307137960075e-02,4.327049994999992988e-02,8.211108274898070482e-17,-1.870132503777083392e-16,1.000000000000000000e+00,-1.291302064720288752e-02,-1.422351261976793034e-02,-1.599683219909381425e-18
-7.186536146356653498e-02,-3.594426307137957299e-02,4.327049994999992988e-02,-7.186536146356653498e-02,3.594426307137960075e-02,4.327049994999992988e-02,8.211108274898070482e-17,-1.870132503777083392e-16,1.000000000000000000e+00,-1.291302064720288752e-02,-1.422351261976793034e-02,-1.599683219909381425e-18
-6.186536146356653998e-02,-3.594426307137957299e-02,4.327049994999992988e-02,-6.186536146356653998e-02,3.594426307137960075e-02,4.327049994999992988e-02,8.211108274898070482e-17,-1.870132503777083392e-16,1.000000000000000000e+00,-1.291302064720288752e-02,-1.422351261976793034e-02,-1.599683219909381425e-18
-5.186536146356654498e-02,-3.594426307137957299e-02,4.327049994999992988e-02,-5.186536146356654498e-02,3.594426307137960075e-02,4.327049994999992988e-02,8.211108274898070482e-17,-1.870132503777083392e-16,1.000000000000000000e+00,-1.291302064720288752e-02,-1.422351261976793034e-02,-1.599683219909381425e-18
-4.186536146356654997e-02,-3.594426307137957299e-02,4.327049994999992988e-02,-4.186536146356654997e-02,3.594426307137960075e-02,4.327049994999992988e-02,8.211108274898070482e-17,-1.870132503777083392e-16,1.000000000000000000e+00,-1.291302064720288752e-02,-1.422351261976793034e-02,-1.599683219909381425e-18
-3.186536146356655497e-02,-3.594426307137957299e-02,4.327049994999992988e-02,-3.186536146356655497e-02,3.594426307137960075e-02,4.327049994999992988e-02,8.211108274898070482e-17,-1.870132503777083392e-16,1.000000000000000000e+00,-1.291302064720288752e-02,-1.422351261976793034e-02,-1.599683219909381425e-18
-2.186536146356655996e-02,-3.594426307137957299e-02,4.327049994999992988e-02,-2.186536146356655996e-02,3.594426307137960075e-02,4.327049994999992988e-02,8.211108274898070482e-17,-1.870132503777083392e-16,1.000000000000000000e+00,-1.291302064720288752e-02,-1.422351261976793034e-02,-1.599683219909381425e-18
-1.186536146356656496e-02,-3.594426307137957299e-02,4.327049994999992988e-02,-1.186536146356656496e-02,3.594426307137960075e-02,4.327049994999992988e-02,8.211108274898070482e-17,-1.870132503777083392e-16,1.000000000000000000e+00,-1.291302064720288752e-02,-1.422351261976793034e-02,-1.599683219909381425e-18
-1.865361463566569955e-03,-3.594426307137957299e-02,4.327049994999992988e-02,-1.865361463566569955e-03,3.594426307137960075e-02,4.327049994999992988e-02,8.211108274898070482e-17,-1.870132503777083392e-16,1.000000000000000000e+00,-1.291302064720288752e-02,-1.422351261976793034e-02,-1.599683219909381425e-18
8.134638536433425049e-03,-3.594426307137957299e-02,4.327049994999992988e-02,8.134638536433425049e-03,3.594426307137960075e-02,4.327049994999992988e-02,8.211108274898070482e-17,-1.870132503777083392e-16,1.000000000000000000e+00,-1.291302064720288752e-02,-1.422351261976793034e-02,-1.599683219909381425e-18
1.813463853643342005e-02,-3.594426307137957299e-02,4.327049994999992988e-02,1.813463853643342005e-02,3.594426307137960075e-02,4.327049994999992988e-02,8.211108274898070482e-17,-1.870132503777083392e-16,1.000000000000000000e+00,-1.291302064720288752e-02,-1.422351261976793034e-02,-1.599683219909381425e-18
2.813463853643341506e-02,-3.594426307137957299e-02,4.327049994999992988e-02,2.813463853643341506e-02,3.594426307137960075e-02,4.327049994999992988e-02,8.211108274898070482e-17,-1.870132503777083392e-16,1.000000000000000000e+00,-1.291302064720288752e-02,-1.422351261976793034e-02,-1.599683219909381425e-18
3.813463853643341006e-02,-3.594426307137957299e-02,4.327049994999992988e-02,3.813463853643341006e-02,3.594426307137960075e-02,4.327049994999992988e-02,8.211108274898070482e-17,-1.870132503777083392e-16,1.000000000000000000e+00,-1.291302064720288752e-02,-1.422351261976793034e-02,-1.599683219909381425e-18
4.813463853643340506e-02,-3.594426307137957299e-02,4.327049994999992988e-02,4.813463853643340506e-02,3.594426307137960075e-02,4.327049994999992988e-02,8.211108274898070482e-17,-1.870132503777083392e-16,1.000000000000000000e+00,-1.291302064720288752e-02,-1.422351261976793034e-02,-1.599683219909381425e-18
5.813463853643340007e-02,-3.594426307137957299e-02,4.327049994999992988e-02,5.813463853643340007e-02,3.594426307137960075e-02,4.327049994999992988e-02,8.211108274898070482e-17,-1.870132503777083392e-16,1.000000000000000000e+00,-1.291302064720288752e-02,-1.422351261976793034e-02,-1.599683219909381425e-18
6.813463853643339507e-02,-3.594426307137957299e-02,4.327049994999992988e-02,6.813463853643339507e-02,3.594426307137960075e-02,4.327049994999992988e-02,8.211108274898070482e-17,-1.870132503777083392e-16,1.000000000000000000e+00,-1.291302064720288752e-02,-1.422351261976793034e-02,-1.599683219909381425e-18
7.813463853643339008e-02,-3.594426307137957299e-02,4.327049994999992988e-02,7.813463853643339008e-02,3.594426307137960075e-02,4.327049994999992988e-02,8.211108274898070482e-17,-1.870132503777083392e-16,1.000000000000000000e+00,-1.291302064720288752e-02,-1.422351261976793034e-02,-1.599683219909381425e-18
-8.186536146356652999e-02,-3.594426307137957299e-02,5.327049994999992488e-02,-8.186536146356652999e-02,3.594426307137960075e-02,5.327049994999992488e-02,8.211108274898070482e-17,-1.870132503777083392e-16,1.000000000000000000e+00,-1.291302064720288752e-02,-1.422351261976793034e-02,-1.599683219909381425e-18
-7.186536146356653498e-02,-3.594426307137957299e-02,5.327049994999992488e-02,-7.186536146356653498e-02,3.594426307137960075e-02,5.327049994999992488e-02,8.211108274898070482e-17,-1.870132503777083392e-16,1.000000000000000000e+00,-1.291302064720288752e-02,-1.422351261976793034e-02,-1.599683219909381425e-18
-6.186536146356653998e-02,-3.594426307137957299e-02,5.327049994999992488e-02,-6.186536146356653998e-02,3.594426307137960075e-02,5.327049994999992488e-02,8.211108274898070482e-17,-1.870132503777083392e-16,1.000000000000000000e+00,-1.291302064720288752e-02,-1.422351261976793034e-02,-1.599683219909381425e-18
-5.186536146356654498e-02,-3.594426307137957299e-02,5.327049994999992488e-02,-5.186536146356654498e-02,3.594426307137960075e-02,5.327049994999992488e-02,8.211108274898070482e-17,-1.870132503777083392e-16,1.000000000000000000e+00,-1.291302064720288752e-02,-1.422351261976793034e-02,-1.599683219909381425e-18
-4.186536146356654997e-02,-3.594426307137957299e-02,5.327049994999992488e-02,-4.186536146356654997e-02,3.594426307137960075e-02,5.327049994999992488e-02,8.211108274898070482e-17,-1.870132503777083392e-16,1.000000000000000000e+00,-1.291302064720288752e-02,-1.422351261976793034e-02,-1.599683219909381425e-18
-3.186536146356655497e-02,-3.594426307137957299e-02,5.327049994999992488e-02,-3.186536146356655497e-02,3.594426307137960075e-02,5.327049994999992488e-02,8.211108274898070482e-17,-1.870132503777083392e-16,1.000000000000000000e+00,-1.291302064720288752e-02,-1.422351261976793034e-02,-1.599683219909381425e-18
-2.186536146356655996e-02,-3.594426307137957299e-02,5.327049994999992488e-02,-2.186536146356655996e-02,3.594426307137960075e-02,5.327049994999992488e-02,8.211108274898070482e-17,-1.870132503777083392e-16,1.000000000000000000e+00,-1.291302064720288752e-02,-1.422351261976793034e-02,-1.599683219909381425e-18
-1.186536146356656496e-02,-3.594426307137957299e-02,5.327049994999992488e-02,-1.186536146356656496e-02,3.594426307137960075e-02,5.327049994999992488e-02,8.211108274898070482e-17,-1.870132503777083392e-16,1.000000000000000000e+00,-1.291302064720288752e-02,-1.422351261976793034e-02,-1.599683219909381425e-18
-1.865361463566569955e-03,-3.594426307137957299e-02,5.327049994999992488e-02,-1.865361463566569955e-03,3.594426307137960075e-02,5.327049994999992488e-02,8.211108274898070482e-17,-1.870132503777083392e-16,1.000000000000000000e+00,-1.291302064720288752e-02,-1.422351261976793034e-02,-1.599683219909381425e-18
8.134638536433425049e-03,-3.594426307137957299e-02,5.327049994999992488e-02,8.134638536433425049e-03,3.594426307137960075e-02,5.327049994999992488e-02,8.211108274898070482e-17,-1.870132503777083392e-16,1.000000000000000000e+00,-1.291302064720288752e-02,-1.422351261976793034e-02,-1.599683219909381425e-18
1.813463853643342005e-02,-3.594426307137957299e-02,5.327049994999992488e-02,1.813463853643342005e-02,3.594426307137960075e-02,5.327049994999992488e-02,8.211108274898070482e-17,-1.870132503777083392e-16,1.000000000000000000e+00,-1.291302064720288752e-02,-1.422351261976793034e-02,-1.599683219909381425e-18
2.813463853643341506e-02,-3.594426307137957299e-02,5.327049994999992488e-02,2.813463853643341506e-02,3.594426307137960075e-02,5.327049994999992488e-02,8.211108274898070482e-17,-1.870132503777083392e-16,1.000000000000000000e+00,-1.291302064720288752e-02,-1.422351261976793034e-02,-1.599683219909381425e-18
3.813463853643341006e-02,-3.594426307137957299e-02,5.327049994999992488e-02,3.813463853643341006e-02,3.594426307137960075e-02,5.327049994999992488e-02,8.211108274898070482e-17,-1.870132503777083392e-16,1.000000000000000000e+00,-1.291302064720288752e-02,-1.422351261976793034e-02,-1.599683219909381425e-18
4.813463853643340506e-02,-3.594426307137957299e-02,5.327049994999992488e-02,4.813463853643340506e-02,3.594426307137960075e-02,5.327049994999992488e-02,8.211108274898070482e-17,-1.870132503777083392e-16,1.000000000000000000e+00,-1.291302064720288752e-02,-1.422351261976793034e-02,-1.599683219909381425e-18
5.813463853643340007e-02,-3.594426307137957299e-02,5.327049994999992488e-02,5.813463853643340007e-02,3.594426307137960075e-02,5.327049994999992488e-02,8.211108274898070482e-17,-1.870132503777083392e-16,1.000000000000000000e+00,-1.291302064720288752e-02,-1.422351261976793034e-02,-1.599683219909381425e-18
6.813463853643339507e-02,-3.594426307137957299e-02,5.327049994999992488e-02,6.813463853643339507e-02,3.594426307137960075e-02,5.327049994999992488e-02,8.211108274898070482e-17,-1.870132503777083392e-16,1.000000000000000000e+00,-1.291302064720288752e-02,-1.422351261976793034e-02,-1.599683219909381425e-18
7.813463853643339008e-02,-3.594426307137957299e-02,5.327049994999992488e-02,7.813463853643339008e-02,3.594426307137960075e-02,5.327049994999992488e-02,8.211108274898070482e-17,-1.870132503777083392e-16,1.000000000000000000e+00,-1.291302064720288752e-02,-1.422351261976793034e-02,-1.599683219909381425e-18
-8.186536146356652999e-02,-3.594426307137957299e-02,6.327049994999991989e-02,-8.186536146356652999e-02,3.594426307137960075e-02,6.327049994999991989e-02,8.211108274898070482e-17,-1.870132503777083392e-16,1.000000000000000000e+00,-1.291302064720288752e-02,-1.422351261976793034e-02,-1.599683219909381425e-18
-7.186536146356653498e-02,-3.594426307137957299e-02,6.327049994999991989e-02,-7.186536146356653498e-02,3.594426307137960075e-02,6.327049994999991989e-02,8.211108274898070482e-17,-1.870132503777083392e-16,1.000000000000000000e+00,-1.291302064720288752e-02,-1.422351261976793034e-02,-1.599683219909381425e-18
-6.186536146356653998e-02,-3.594426307137957299e-02,6.327049994999991989e-02,-6.186536146356653998e-02,3.594426307137960075e-02,6.327049994999991989e-02,8.211108274898070482e-17,-1.870132503777083392e-16,1.000000000000000000e+00,-1.291302064720288752e-02,-1.422351261976793034e-02,-1.599683219909381425e-18
-5.186536146356654498e-02,-3.594426307137957299e-02,6.327049994999991989e-02,-5.186536146356654498e-02,3.594426307137960075e-02,6.327049994999991989e-02,8.211108274898070482e-17,-1.870132503777083392e-16,1.000000000000000000e+00,-1.291302064720288752e-02,-1.422351261976793034e-02,-1.599683219909381425e-18
-4.186536146356654997e-02,-3.594426307137957299e-02,6.327049994999991989e-02,-4.186536146356654997e-02,3.594426307137960075e-02,6.327049994999991989e-02,8.211108274898070482e-17,-1.870132503777083392e-16,1.000000000000000000e+00,-1.291302064720288752e-02,-1.422351261976793034e-02,-1.599683219909381425e-18
-3.186536146356655497e-02,-3.594426307137957299e-02,6.327049994999991989e-02,-3.186536146356655497e-02,3.594426307137960075e-02,6.327049994999991989e-02,8.211108274898070482e-17,-1.870132503777083392e-16,1.000000000000000000e+00,-1.291302064720288752e-02,-1.422351261976793034e-02,-1.599683219909381425e-18
-2.186536146356655996e-02,-3.594426307137957299e-02,6.327049994999991989e-02,-2.186536146356655996e-02,3.594426307137960075e-02,6.327049994999991989e-02,8.211108274898070482e-17,-1.870132503777083392e-16,1.000000000000000000e+00,-1.291302064720288752e-02,-1.422351261976793034e-02,-1.599683219909381425e-18
-1.186536146356656496e-02,-3.594426307137957299e-02,6.327049994999991989e-02,-1.186536146356656496e-02,3.594426307137960075e-02,6.327049994999991989e-02,8.211108274898070482e-17,-1.870132503777083392e-16,1.000000000000000000e+00,-1.291302064720288752e-02,-1.422351261976793034e-02,-1.599683219909381425e-18
-1.865361463566569955e-03,-3.594426307137957299e-02,6.327049994999991989e-02,-1.865361463566569955e-03,3.594426307137960075e-02,6.327049994999991989e-02,8.211108274898070482e-17,-1.870132503777083392e-16,1.000000000000000000e+00,-1.291302064720288752e-02,-1.422351261976793034e-02,-1.599683219909381425e-18
8.134638536433425049e-03,-3.594426307137957299e-02,6.327049994999991989e-02,8.134638536433425049e-03,3.594426307137960075e-02,6.327049994999991989e-02,8.211108274898070482e-17,-1.870132503777083392e-16,1.000000000000000000e+00,-1.291302064720288752e-02,-1.422351261976793034e-02,-1.599683219909381425e-18
1.813463853643342005e-02,-3.594426307137957299e-02,6.327049994999991989e-02,1.813463853643342005e-02,3.594426307137960075e-02,6.327049994999991989e-02,8.211108274898070482e-17,-1.870132503777083392e-16,1.000000000000000000e+00,-1.291302064720288752e-02,-1.422351261976793034e-02,-1.599683219909381425e-18
2.813463853643341506e-02,-3.594426307137957299e-02,6.327049994999991989e-02,2.813463853643341506e-02,3.594426307137960075e-02,6.327049994999991989e-02,8.211108274898070482e-17,-1.870132503777083392e-16,1.000000000000000000e+00,-1.291302064720288752e-02,-1.422351261976793034e-02,-1.599683219909381425e-18
3.813463853643341006e-02,-3.594426307137957299e-02,6.327049994999991989e-02,3.813463853643341006e-02,3.594426307137960075e-02,6.327049994999991989e-02,8.211108274898070482e-17,-1.870132503777083392e-16,1.000000000000000000e+00,-1.291302064720288752e-02,-1.422351261976793034e-02,-1.599683219909381425e-18
4.813463853643340506e-02,-3.594426307137957299e-02,6.327049994999991989e-02,4.813463853643340506e-02,3.594426307137960075e-02,6.327049994999991989e-02,8.211108274898070482e-17,-1.870132503777083392e-16,1.000000000000000000e+00,-1.291302064720288752e-02,-1.422351261976793034e-02,-1.599683219909381425e-18
5.813463853643340007e-02,-3.594426307137957299e-02,6.327049994999991989e-02,5.813463853643340007e-02,3.594426307137960075e-02,6.327049994999991989e-02,8.211108274898070482e-17,-1.870132503777083392e-16,1.000000000000000000e+00,-1.291302064720288752e-02,-1.422351261976793034e-02,-1.599683219909381425e-18
6.813463853643339507e-02,-3.594426307137957299e-02,6.327049994999991989e-02,6.813463853643339507e-02,3.594426307137960075e-02,6.327049994999991989e-02,8.211108274898070482e-17,-1.870132503777083392e-16,1.000000000000000000e+00,-1.291302064720288752e-02,-1.422351261976793034e-02,-1.599683219909381425e-18
7.813463853643339008e-02,-3.594426307137957299e-02,6.327049994999991989e-02,7.813463853643339008e-02,3.594426307137960075e-02,6.327049994999991989e-02,8.211108274898070482e-17,-1.870132503777083392e-16,1.000000000000000000e+00,-1.291302064720288752e-02,-1.422351261976793034e-02,-1.599683219909381425e-18
-8.186536146356652999e-02,-3.594426307137957299e-02,7.327049994999991489e-02,-8.186536146356652999e-02,3.594426307137960075e-02,7.327049994999991489e-02,8.211108274898070482e-17,-1.870132503777083392e-16,1.000000000000000000e+00,-1.291302064720288752e-02,-1.422351261976793034e-02,-1.599683219909381425e-18
-7.186536146356653498e-02,-3.594426307137957299e-02,7.327049994999991489e-02,-7.186536146356653498e-02,3.594426307137960075e-02,7.327049994999991489e-02,8.211108274898070482e-17,-1.870132503777083392e-16,1.000000000000000000e+00,-1.291302064720288752e-02,-1.422351261976793034e-02,-1.599683219909381425e-18
-6.186536146356653998e-02,-3.594426307137957299e-02,7.327049994999991489e-02,-6.186536146356653998e-02,3.594426307137960075e-02,7.327049994999991489e-02,8.211108274898070482e-17,-1.870132503777083392e-16,1.000000000000000000e+00,-1.291302064720288752e-02,-1.422351261976793034e-02,-1.599683219909381425e-18
-5.186536146356654498e-02,-3.594426307137957299e-02,7.327049994999991489e-02,-5.186536146356654498e-02,3.594426307137960075e-02,7.327049994999991489e-02,8.211108274898070482e-17,-1.870132503777083392e-16,1.000000000000000000e+00,-1.291302064720288752e-02,-1.422351261976793034e-02,-1.599683219909381425e-18
-4.186536146356654997e-02,-3.594426307137957299e-02,7.327049994999991489e-02,-4.186536146356654997e-02,3.594426307137960075e-02,7.327049994999991489e-02,8.211108274898070482e-17,-1.870132503777083392e-16,1.000000000000000000e+00,-1.291302064720288752e-02,-1.422351261976793034e-02,-1.599683219909381425e-18
-3.186536146356655497e-02,-3.594426307137957299e-02,7.327049994999991489e-02,-3.186536146356655497e-02,3.594426307137960075e-02,7.327049994999991489e-02,8.211108274898070482e-17,-1.870132503777083392e-16,1.000000000000000000e+00,-1.291302064720288752e-02,-1.422351261976793034e-02,-1.599683219909381425e-18
-2.186536146356655996e-02,-3.594426307137957299e-02,7.327049994999991489e-02,-2.186536146356655996e-02,3.594426307137960075e-02,7.327049994999991489e-02,8.211108274898070482e-17,-1.870132503777083392e-16,1.000000000000000000e+00,-1.291302064720288752e-02,-1.422351261976793034e-02,-1.599683219909381425e-18
-1.186536146356656496e-02,-3.594426307137957299e-02,7.327049994999991489e-02,-1.186536146356656496e-02,3.594426307137960075e-02,7.327049994999991489e-02,8.211108274898070482e-17,-1.870132503777083392e-16,1.000000000000000000e+00,-1.291302064720288752e-02,-1.422351261976793034e-02,-1.599683219909381425e-18
-1.865361463566569955e-03,-3.594426307137957299e-02,7.327049994999991489e-02,-1.865361463566569955e-03,3.594426307137960075e-02,7.327049994999991489e-02,8.211108274898070482e-17,-1.870132503777083392e-16,1.000000000000000000e+00,-1.291302064720288752e-02,-1.422351261976793034e-02,-1.599683219909381425e-18
8.134638536433425049e-03,-3.594426307137957299e-02,7.327049994999991489e-02,8.134638536433425049e-03,3.594426307137960075e-02,7.327049994999991489e-02,8.211108274898070482e-17,-1.870132503777083392e-16,1.000000000000000000e+00,-1.291302064720288752e-02,-1.422351261976793034e-02,-1.599683219909381425e-18
1.813463853643342005e-02,-3.594426307137957299e-02,7.327049994999991489e-02,1.813463853643342005e-02,3.594426307137960075e-02,7.327049994999991489e-02,8.211108274898070482e-17,-1.870132503777083392e-16,1.000000000000000000e+00,-1.291302064720288752e-02,-1.422351261976793034e-02,-1.599683219909381425e-18
2.813463853643341506e-02,-3.594426307137957299e-02,7.327049994999991489e-02,2.813463853643341506e-02,3.594426307137960075e-02,7.327049994999991489e-02,8.211108274898070482e-17,-1.870132503777083392e-16,1.000000000000000000e+00,-1.291302064720288752e-02,-1.422351261976793034e-02,-1.599683219909381425e-18
3.813463853643341006e-02,-3.594426307137957299e-02,7.327049994999991489e-02,3.813463853643341006e-02,3.594426307137960075e-02,7.327049994999991489e-02,8.211108274898070482e-17,-1.870132503777083392e-16,1.000000000000000000e+00,-1.291302064720288752e-02,-1.422351261976793034e-02,-1.599683219909381425e-18
4.813463853643340506e-02,-3.594426307137957299e-02,7.327049994999991489e-02,4.813463853643340506e-02,3.594426307137960075e-02,7.327049994999991489e-02,8.211108274898070482e-17,-1.870132503777083392e-16,1.000000000000000000e+00,-1.291302064720288752e-02,-1.422351261976793034e-02,-1.599683219909381425e-18
5.813463853643340007e-02,-3.594426307137957299e-02,7.327049994999991489e-02,5.813463853643340007e-02,3.594426307137960075e-02,7.327049994999991489e-02,8.211108274898070482e-17,-1.870132503777083392e-16,1.000000000000000000e+00,-1.291302064720288752e-02,-1.422351261976793034e-02,-1.599683219909381425e-18
6.813463853643339507e-02,-3.594426307137957299e-02,7.327049994999991489e-02,6.813463853643339507e-02,3.594426307137960075e-02,7.327049994999991489e-02,8.211108274898070482e-17,-1.870132503777083392e-16,1.000000000000000000e+00,-1.291302064720288752e-02,-1.422351261976793034e-02,-1.599683219909381425e-18
7.813463853643339008e-02,-3.594426307137957299e-02,7.327049994999991489e-02,7.813463853643339008e-02,3.594426307137960075e-02,7.327049994999991489e-02,8.211108274898070482e-17,-1.870132503777083392e-16,1.000000000000000000e+00,-1.291302064720288752e-02,-1.422351261976793034e-02,-1.599683219909381425e-18
-8.186536146356652999e-02,-3.594426307137957299e-02,8.327049994999990989e-02,-8.186536146356652999e-02,3.594426307137960075e-02,8.327049994999990989e-02,8.211108274898070482e-17,-1.870132503777083392e-16,1.000000000000000000e+00,-1.291302064720288752e-02,-1.422351261976793034e-02,-1.599683219909381425e-18
-7.186536146356653498e-02,-3.594426307137957299e-02,8.327049994999990989e-02,-7.186536146356653498e-02,3.594426307137960075e-02,8.327049994999990989e-02,8.211108274898070482e-17,-1.870132503777083392e-16,1.000000000000000000e+00,-1.291302064720288752e-02,-1.422351261976793034e-02,-1.599683219909381425e-18
-6.186536146356653998e-02,-3.594426307137957299e-02,8.327049994999990989e-02,-6.186536146356653998e-02,3.594426307137960075e-02,8.327049994999990989e-02,8.211108274898070482e-17,-1.870132503777083392e-16,1.000000000000000000e+00,-1.291302064720288752e-02,-1.422351261976793034e-02,-1.599683219909381425e-18
-5.186536146356654498e-02,-3.594426307137957299e-02,8.327049994999990989e-02,-5.186536146356654498e-02,3.594426307137960075e-02,8.327049994999990989e-02,8.211108274898070482e-17,-1.870132503777083392e-16,1.000000000000000000e+00,-1.291302064720288752e-02,-1.422351261976793034e-02,-1.599683219909381425e-18
-4.186536146356654997e-02,-3.594426307137957299e-02,8.327049994999990989e-02,-4.186536146356654997e-02,3.594426307137960075e-02,8.327049994999990989e-02,8.211108274898070482e-17,-1.870132503777083392e-16,1.000000000000000000e+00,-1.291302064720288752e-02,-1.422351261976793034e-02,-1.599683219909381425e-18
-3.186536146356655497e-02,-3.594426307137957299e-02,8.327049994999990989e-02,-3.186536146356655497e-02,3.594426307137960075e-02,8.327049994999990989e-02,8.211108274898070482e-17,-1.870132503777083392e-16,1.000000000000000000e+00,-1.291302064720288752e-02,-1.422351261976793034e-02,-1.599683219909381425e-18
-2.186536146356655996e-02,-3.594426307137957299e-02,8.327049994999990989e-02,-2.186536146356655996e-02,3.594426307137960075e-02,8.327049994999990989e-02,8.211108274898070482e-17,-1.870132503777083392e-16,1.000000000000000000e+00,-1.291302064720288752e-02,-1.422351261976793034e-02,-1.599683219909381425e-18
-1.186536146356656496e-02,-3.594426307137957299e-02,8.327049994999990989e-02,-1.186536146356656496e-02,3.594426307137960075e-02,8.327049994999990989e-02,8.211108274898070482e-17,-1.870132503777083392e-16,1.000000000000000000e+00,-1.291302064720288752e-02,-1.422351261976793034e-02,-1.599683219909381425e-18
-1.865361463566569955e-03,-3.594426307137957299e-02,8.327049994999990989e-02,-1.865361463566569955e-03,3.594426307137960075e-02,8.327049994999990989e-02,8.211108274898070482e-17,-1.870132503777083392e-16,1.000000000000000000e+00,-1.291302064720288752e-02,-1.422351261976793034e-02,-1.599683219909381425e-18
8.134638536433425049e-03,-3.594426307137957299e-02,8.327049994999990989e-02,8.134638536433425049e-03,3.594426307137960075e-02,8.327049994999990989e-02,8.211108274898070482e-17,-1.870132503777083392e-16,1.000000000000000000e+00,-1.291302064720288752e-02,-1.422351261976793034e-02,-1.599683219909381425e-18
1.813463853643342005e-02,-3.594426307137957299e-02,8.327049994999990989e-02,1.813463853643342005e-02,3.594426307137960075e-02,8.327049994999990989e-02,8.211108274898070482e-17,-1.870132503777083392e-16,1.000000000000000000e+00,-1.291302064720288752e-02,-1.422351261976793034e-02,-1.599683219909381425e-18
2.813463853643341506e-02,-3.594426307137957299e-02,8.327049994999990989e-02,2.813463853643341506e-02,3.594426307137960075e-02,8.327049994999990989e-02,8.211108274898070482e-17,-1.870132503777083392e-16,1.000000000000000000e+00,-1.291302064720288752e-02,-1.422351261976793034e-02,-1.599683219909381425e-18
3.813463853643341006e-02,-3.594426307137957299e-02,8.327049994999990989e-02,3.813463853643341006e-02,3.594426307137960075e-02,8.327049994999990989e-02,8.211108274898070482e-17,-1.870132503777083392e-16,1.000000000000000000e+00,-1.291302064720288752e-02,-1.422351261976793034e-02,-1.599683219909381425e-18
4.813463853643340506e-02,-3.594426307137957299e-02,8.327049994999990989e-02,4.813463853643340506e-02,3.594426307137960075e-02,8.327049994999990989e-02,8.211108274898070482e-17,-1.870132503777083392e-16,1.000000000000000000e+00,-1.291302064720288752e-02,-1.422351261976793034e-02,-1.599683219909381425e-18
5.813463853643340007e-02,-3.594426307137957299e-02,8.327049994999990989e-02,5.813463853643340007e-02,3.594426307137960075e-02,8.327049994999990989e-02,8.211108274898070482e-17,-1.870132503777083392e-16,1.000000000000000000e+00,-1.291302064720288752e-02,-1.422351261976793034e-02,-1.599683219909381425e-18
6.813463853643339507e-02,-3.594426307137957299e-02,8.327049994999990989e-02,6.813463853643339507e-02,3.594426307137960075e-02,8.327049994999990989e-02,8.211108274898070482e-17,-1.870132503777083392e-16,1.000000000000000000e+00,-1.291302064720288752e-02,-1.422351261976793034e-02,-1.599683219909381425e-18
7.813463853643339008e-02,-3.594426307137957299e-02,8.327049994999990989e-02,7.813463853643339008e-02,3.594426307137960075e-02,8.327049994999990989e-02,8.211108274898070482e-17,-1.870132503777083392e-16,1.000000000000000000e+00,-1.291302064720288752e-02,-1.422351261976793034e-02,-1.599683219909381425e-18
-8.186536146356652999e-02,-3.594426307137957299e-02,9.327049994999990490e-02,-8.186536146356652999e-02,3.594426307137960075e-02,9.327049994999990490e-02,8.211108274898070482e-17,-1.870132503777083392e-16,1.000000000000000000e+00,-1.291302064720288752e-02,-1.422351261976793034e-02,-1.599683219909381425e-18
-7.186536146356653498e-02,-3.594426307137957299e-02,9.327049994999990490e-02,-7.186536146356653498e-02,3.594426307137960075e-02,9.327049994999990490e-02,8.211108274898070482e-17,-1.870132503777083392e-16,1.000000000000000000e+00,-1.291302064720288752e-02,-1.422351261976793034e-02,-1.599683219909381425e-18
-6.186536146356653998e-02,-3.594426307137957299e-02,9.327049994999990490e-02,-6.186536146356653998e-02,3.594426307137960075e-02,9.327049994999990490e-02,8.211108274898070482e-17,-1.870132503777083392e-16,1.000000000000000000e+00,-1.291302064720288752e-02,-1.422351261976793034e-02,-1.599683219909381425e-18
-5.186536146356654498e-02,-3.594426307137957299e-02,9.327049994999990490e-02,-5.186536146356654498e-02,3.594426307137960075e-02,9.327049994999990490e-02,8.211108274898070482e-17,-1.870132503777083392e-16,1.000000000000000000e+00,-1.291302064720288752e-02,-1.422351261976793034e-02,-1.599683219909381425e-18
-4.186536146356654997e-02,-3.594426307137957299e-02,9.327049994999990490e-02,-4.186536146356654997e-02,3.594426307137960075e-02,9.327049994999990490e-02,8.211108274898070482e-17,-1.870132503777083392e-16,1.000000000000000000e+00,-1.291302064720288752e-02,-1.422351261976793034e-02,-1.599683219909381425e-18
-3.186536146356655497e-02,-3.594426307137957299e-02,9.327049994999990490e-02,-3.186536146356655497e-02,3.594426307137960075e-02,9.327049994999990490e-02,8.211108274898070482e-17,-1.870132503777083392e-16,1.000000000000000000e+00,-1.291302064720288752e-02,-1.422351261976793034e-02,-1.599683219909381425e-18
-2.186536146356655996e-02,-3.594426307137957299e-02,9.327049994999990490e-02,-2.186536146356655996e-02,3.594426307137960075e-02,9.327049994999990490e-02,8.211108274898070482e-17,-1.870132503777083392e-16,1.000000000000000000e+00,-1.291302064720288752e-02,-1.422351261976793034e-02,-1.599683219909381425e-18
-1.186536146356656496e-02,-3.594426307137957299e-02,9.327049994999990490e-02,-1.186536146356656496e-02,3.594426307137960075e-02,9.327049994999990490e-02,8.211108274898070482e-17,-1.870132503777083392e-16,1.000000000000000000e+00,-1.291302064720288752e-02,-1.422351261976793034e-02,-1.599683219909381425e-18
-1.865361463566569955e-03,-3.594426307137957299e-02,9.327049994999990490e-02,-1.865361463566569955e-03,3.594426307137960075e-02,9.327049994999990490e-02,8.211108274898070482e-17,-1.870132503777083392e-16,1.000000000000000000e+00,-1.291302064720288752e-02,-1.422351261976793034e-02,-1.599683219909381425e-18
8.134638536433425049e-03,-3.594426307137957299e-02,9.327049994999990490e-02,8.134638536433425049e-03,3.594426307137960075e-02,9.327049994999990490e-02,8.211108274898070482e-17,-1.870132503777083392e-16,1.000000000000000000e+00,-1.291302064720288752e-02,-1.422351261976793034e-02,-1.599683219909381425e-18
1.813463853643342005e-02,-3.594426307137957299e-02,9.327049994999990490e-02,1.813463853643342005e-02,3.594426307137960075e-02,9.327049994999990490e-02,8.211108274898070482e-17,-1.870132503777083392e-16,1.000000000000000000e+00,-1.291302064720288752e-02,-1.422351261976793034e-02,-1.599683219909381425e-18
2.813463853643341506e-02,-3.594426307137957299e-02,9.327049994999990490e-02,2.813463853643341506e-02,3.594426307137960075e-02,9.327049994999990490e-02,8.211108274898070482e-17,-1.870132503777083392e-16,1.000000000000000000e+00,-1.291302064720288752e-02,-1.422351261976793034e-02,-1.599683219909381425e-18
3.813463853643341006e-02,-3.594426307137957299e-02,9.327049994999990490e-02,3.813463853643341006e-02,3.594426307137960075e-02,9.327049994999990490e-02,8.211108274898070482e-17,-1.870132503777083392e-16,1.000000000000000000e+00,-1.291302064720288752e-02,-1.422351261976793034e-02,-1.599683219909381425e-18
4.813463853643340506e-02,-3.594426307137957299e-02,9.327049994999990490e-02,4.813463853643340506e-02,3.594426307137960075e-02,9.327049994999990490e-02,8.211108274898070482e-17,-1.870132503777083392e-16,1.000000000000000000e+00,-1.291302064720288752e-02,-1.422351261976793034e-02,-1.599683219909381425e-18
5.813463853643340007e-02,-3.594426307137957299e-02,9.327049994999990490e-02,5.813463853643340007e-02,3.594426307137960075e-02,9.327049994999990490e-02,8.211108274898070482e-17,-1.870132503777083392e-16,1.000000000000000000e+00,-1.291302064720288752e-02,-1.422351261976793034e-02,-1.599683219909381425e-18
6.813463853643339507e-02,-3.594426307137957299e-02,9.327049994999990490e-02,6.813463853643339507e-02,3.594426307137960075e-02,9.327049994999990490e-02,8.211108274898070482e-17,-1.870132503777083392e-16,1.000000000000000000e+00,-1.291302064720288752e-02,-1.422351261976793034e-02,-1.599683219909381425e-18
7.813463853643339008e-02,-3.594426307137957299e-02,9.327049994999990490e-02,7.813463853643339008e-02,3.594426307137960075e-02,9.327049994999990490e-02,8.211108274898070482e-17,-1.870132503777083392e-16,1.000000000000000000e+00,-1.291302064720288752e-02,-1.422351261976793034e-02,-1.599683219909381425e-18
-8.186536146356652999e-02,-3.594426307137957299e-02,1.032704999499998999e-01,-8.186536146356652999e-02,3.594426307137960075e-02,1.032704999499998999e-01,8.211108274898070482e-17,-1.870132503777083392e-16,1.000000000000000000e+00,-1.291302064720288752e-02,-1.422351261976793034e-02,-1.599683219909381425e-18
-7.186536146356653498e-02,-3.594426307137957299e-02,1.032704999499998999e-01,-7.186536146356653498e-02,3.594426307137960075e-02,1.032704999499998999e-01,8.211108274898070482e-17,-1.870132503777083392e-16,1.000000000000000000e+00,-1.291302064720288752e-02,-1.422351261976793034e-02,-1.599683219909381425e-18
-6.186536146356653998e-02,-3.594426307137957299e-02,1.032704999499998999e-01,-6.186536146356653998e-02,3.594426307137960075e-02,1.032704999499998999e-01,8.211108274898070482e-17,-1.870132503777083392e-16,1.000000000000000000e+00,-1.291302064720288752e-02,-1.422351261976793034e-02,-1.599683219909381425e-18
-5.186536146356654498e-02,-3.594426307137957299e-02,1.032704999499998999e-01,-5.186536146356654498e-02,3.594426307137960075e-02,1.032704999499998999e-01,8.211108274898070482e-17,-1.870132503777083392e-16,1.000000000000000000e+00,-1.291302064720288752e-02,-1.422351261976793034e-02,-1.599683219909381425e-18
-4.186536146356654997e-02,-3.594426307137957299e-02,1.032704999499998999e-01,-4.186536146356654997e-02,3.594426307137960075e-02,1.032704999499998999e-01,8.211108274898070482e-17,-1.870132503777083392e-16,1.000000000000000000e+00,-1.291302064720288752e-02,-1.422351261976793034e-02,-1.599683219909381425e-18
-3.186536146356655497e-02,-3.594426307137957299e-02,1.032704999499998999e-01,-3.186536146356655497e-02,3.594426307137960075e-02,1.032704999499998999e-01,8.211108274898070482e-17,-1.870132503777083392e-16,1.000000000000000000e+00,-1.291302064720288752e-02,-1.422351261976793034e-02,-1.599683219909381425e-18
-2.186536146356655996e-02,-3.594426307137957299e-02,1.032704999499998999e-01,-2.186536146356655996e-02,3.594426307137960075e-02,1.032704999499998999e-01,8.211108274898070482e-17,-1.870132503777083392e-16,1.000000000000000000e+00,-1.291302064720288752e-02,-1.422351261976793034e-02,-1.599683219909381425e-18
-1.186536146356656496e-02,-3.594426307137957299e-02,1.032704999499998999e-01,-1.186536146356656496e-02,3.594426307137960075e-02,1.032704999499998999e-01,8.211108274898070482e-17,-1.870132503777083392e-16,1.000000000000000000e+00,-1.291302064720288752e-02,-1.422351261976793034e-02,-1.599683219909381425e-18
-1.865361463566569955e-03,-3.594426307137957299e-02,1.032704999499998999e-01,-1.865361463566569955e-03,3.594426307137960075e-02,1.032704999499998999e-01,8.211108274898070482e-17,-1.870132503777083392e-16,1.000000000000000000e+00,-1.291302064720288752e-02,-1.422351261976793034e-02,-1.599683219909381425e-18
8.134638536433425049e-03,-3.594426307137957299e-02,1.032704999499998999e-01,8.134638536433425049e-03,3.594426307137960075e-02,1.032704999499998999e-01,8.211108274898070482e-17,-1.870132503777083392e-16,1.000000000000000000e+00,-1.291302064720288752e-02,-1.422351261976793034e-02,-1.599683219909381425e-18
1.813463853643342005e-02,-3.594426307137957299e-02,1.032704999499998999e-01,1.813463853643342005e-02,3.594426307137960075e-02,1.032704999499998999e-01,8.211108274898070482e-17,-1.870132503777083392e-16,1.000000000000000000e+00,-1.291302064720288752e-02,-1.422351261976793034e-02,-1.599683219909381425e-18
2.813463853643341506e-02,-3.594426307137957299e-02,1.032704999499998999e-01,2.813463853643341506e-02,3.594426307137960075e-02,1.032704999499998999e-01,8.211108274898070482e-17,-1.870132503777083392e-16,1.000000000000000000e+00,-1.291302064720288752e-02,-1.422351261976793034e-02,-1.599683219909381425e-18
3.813463853643341006e-02,-3.594426307137957299e-02,1.032704999499998999e-01,3.813463853643341006e-02,3.594426307137960075e-02,1.032704999499998999e-01,8.211108274898070482e-17,-1.870132503777083392e-16,1.000000000000000000e+00,-1.291302064720288752e-02,-1.422351261976793034e-02,-1.599683219909381425e-18
4.813463853643340506e-02,-3.594426307137957299e-02,1.032704999499998999e-01,4.813463853643340506e-02,3.594426307137960075e-02,1.032704999499998999e-01,8.211108274898070482e-17,-1.870132503777083392e-16,1.000000000000000000e+00,-1.291302064720288752e-02,-1.422351261976793034e-02,-1.599683219909381425e-18
5.813463853643340007e-02,-3.594426307137957299e-02,1.032704999499998999e-01,5.813463853643340007e-02,3.594426307137960075e-02,1.032704999499998999e-01,8.211108274898070482e-17,-1.870132503777083392e-16,1.000000000000000000e+00,-1.291302064720288752e-02,-1.422351261976793034e-02,-1.599683219909381425e-18
6.813463853643339507e-02,-3.594426307137957299e-02,1.032704999499998999e-01,6.813463853643339507e-02,3.594426307137960075e-02,1.032704999499998999e-01,8.211108274898070482e-17,-1.870132503777083392e-16,1.000000000000000000e+00,-1.291302064720288752e-02,-1.422351261976793034e-02,-1.599683219909381425e-18
7.813463853643339008e-02,-3.594426307137957299e-02,1.032704999499998999e-01,7.813463853643339008e-02,3.594426307137960075e-02,1.032704999499998999e-01,8.211108274898070482e-17,-1.870132503777083392e-16,1.000000000000000000e+00,-1.291302064720288752e-02,-1.422351261976793034e-02,-1.599683219909381425e-18
